allele	population	indivs_over_n	alleles_over_2n	n
DQA1*01:01	Argentina Buenos Aires	24.8	0.1310	466
DQA1*01:01	Argentina Chiriguano	8.9	0.0450	54
DQA1*01:01	Argentina Gran Chaco Eastern Toba		0.0230	135
DQA1*01:01	Argentina Gran Chaco Mataco Wichi		0	49
DQA1*01:01	Argentina Gran Chaco Western Toba Pilaga		0	19
DQA1*01:01	Argentina Mapuche		0.0590	48
DQA1*01:01	Argentina Rosario Toba	12.8	0.0640	86
DQA1*01:01	Australia Cape York Peninsula Aborigine		0.1670	103
DQA1*01:01	Australia Kimberly Aborigine		0.0850	41
DQA1*01:01	Azores Terceira Island		0.1130	130
DQA1*01:01	Brazil   ParanÃ¡ Caucasian	26.7	0.1466	641
DQA1*01:01	Brazil  Puyanawa	15.3	0.0770	150
DQA1*01:01	Brazil Central Plateau Xavante		0	74
DQA1*01:01	Brazil Guarani Nandeva		0	86
DQA1*01:01	Brazil North East Mixed		0.1740	205
DQA1*01:01	Cameroon		0.0510	126
DQA1*01:01	Cameroon Saa		0.0990	172
DQA1*01:01	Canada British Columbia Athabaskan		0.1760	62
DQA1*01:01	Chile Santiago pop 2		0.3100	124
DQA1*01:01	China Beijing and Xian		0.1170	171
DQA1*01:01	China Canton Han		0.0980	264
DQA1*01:01	China Harbin Manchu pop 2		0.1380	50
DQA1*01:01	China Hong Kong and Singapore		0.0960	135
DQA1*01:01	China pop1	20.4	0.1080	103
DQA1*01:01	China Urumqi Han		0.0510	59
DQA1*01:01	China Urumqi Kazak		0.1550	42
DQA1*01:01	China Urumqi Uyghur	10.5	0.0530	57
DQA1*01:01	China Xinjiang Province Uyghur		0.1360	92
DQA1*01:01	China Yichun		0.1120	76
DQA1*01:01	China Zhejiang Han pop 2		0.0330	833
DQA1*01:01	China, Xinjiang Uyghur Autonomous Region Han	22.9	0.1214	70
DQA1*01:01	China, Xinjiang Uyghur Autonomous Region Hui	32.5	0.1750	40
DQA1*01:01	China, Xinjiang Uyghur Autonomous Region Kazakh	23.1	0.1250	52
DQA1*01:01	China, Xinjiang Uyghur Autonomous Region Uyghur	22.5	0.1197	71
DQA1*01:01	Colombia Guajira Peninsula Wayuu		0.0450	88
DQA1*01:01	Colombia North Eastern Plains Sikuani		0.0190	27
DQA1*01:01	Colombia Northwest Choco		0.1500	20
DQA1*01:01	Colombia Providencia Island African		0.2670	30
DQA1*01:01	Colombia Sierra Nevada de Santa Marta Arhuaco		0.0410	107
DQA1*01:01	Colombia Sierra Nevada de Santa Marta Ijka pop 2		0.0170	30
DQA1*01:01	Colombia Sierra Nevada de Santa Marta Kogi		0.0150	42
DQA1*01:01	Colombia West Cauca		0.0750	20
DQA1*01:01	Congo Kinshasa Bantu	13.3	0.0720	90
DQA1*01:01	Cook Islands Rarotonga		0.1150	78
DQA1*01:01	Croatia Gorski Kotar Region		0.0870	63
DQA1*01:01	Croatia Krk Island		0.1980	212
DQA1*01:01	Croatia Krk Island Dobrinj		0.1610	28
DQA1*01:01	Croatia Krk Island Dubasnica		0.0870	23
DQA1*01:01	Croatia Krk Island Vrbnik		0.2680	28
DQA1*01:01	Czech Republic		0.0100	106
DQA1*01:01	Czech Republic pop 2	28.3	0.1532	99
DQA1*01:01	Czech Republic pop 3	21.1	0.1140	180
DQA1*01:01	Czech Republic Romani	44.1	0.2523	34
DQA1*01:01	Denmark		0.1640	55
DQA1*01:01	Ecuador African		0.0520	58
DQA1*01:01	Ecuador African pop2		0.0222	45
DQA1*01:01	Ecuador Cayapa pop 2		0.0441	34
DQA1*01:01	England	26.3	0.1415	537
DQA1*01:01	England pop 3	22.0	0.1190	61
DQA1*01:01	England pop 6	31.1	0.1610	177
DQA1*01:01	Equatorial Guinea Bioko Island Bubi		0.1680	100
DQA1*01:01	Ethiopia Amhara		0.1680	98
DQA1*01:01	Ethiopia Oromo		0.0900	83
DQA1*01:01	Fiji Viti Levu Island		0.0260	57
DQA1*01:01	France Ceph		0.1410	124
DQA1*01:01	France Lille		0.1320	95
DQA1*01:01	France South		0.1500	350
DQA1*01:01	Gabon Haut-Ogooue Dienga		0.1500	167
DQA1*01:01	Gambia		0.1100	146
DQA1*01:01	Georgia Svaneti Region Svan		0.0440	80
DQA1*01:01	Germany Essen	24.7	0.1290	174
DQA1*01:01	Germany pop 3	18.0	0.0944	111
DQA1*01:01	Greece	27.0	0.1450	48
DQA1*01:01	Greece pop 4		0.1680	98
DQA1*01:01	Greece pop 5		0.0630	500
DQA1*01:01	Greece pop2	12.1	0.0620	120
DQA1*01:01	Greece pop3	18.0	0.0944	246
DQA1*01:01	Hong Kong Chinese HKBMDR. DQ and DP	6.9	0.0352	1,064
DQA1*01:01	India Bombay		0.1780	59
DQA1*01:01	India Lucknow	6.7	0.0330	123
DQA1*01:01	India North pop 2		0.1880	72
DQA1*01:01	India Northeast Kayastha		0.0760	190
DQA1*01:01	India Northeast Lachung		0.0770	58
DQA1*01:01	India Northeast Mathur		0.0480	155
DQA1*01:01	India Northeast Mech		0.0870	63
DQA1*01:01	India Northeast Rajbanshi		0.0610	98
DQA1*01:01	India Northeast Rastogi		0.0740	196
DQA1*01:01	India Northeast Shia		0.1600	190
DQA1*01:01	India Northeast Sunni		0.0930	188
DQA1*01:01	India Northeast Vaish		0.0480	198
DQA1*01:01	India Uttar Pradesh		0.0320	202
DQA1*01:01	Indonesia Java Yogyakarta Region		0.1880	62
DQA1*01:01	Iran		0.1030	58
DQA1*01:01	Iran Azeri		0.2450	100
DQA1*01:01	Iran Baloch		0.4250	100
DQA1*01:01	Iran Fars Parsi		0.3360	73
DQA1*01:01	Iran Kurd		0.2350	100
DQA1*01:01	Iran Yazd Zoroastrian		0.2000	65
DQA1*01:01	Israel Arab		0.1220	109
DQA1*01:01	Israel Ashkenazi Jews		0.1900	80
DQA1*01:01	Israel Ashkenazi Jews pop 2		0.1740	132
DQA1*01:01	Israel Ethiopian Jews		0.1360	122
DQA1*01:01	Israel Iranian Jews		0.0770	101
DQA1*01:01	Israel Libyan Jews		0.0560	119
DQA1*01:01	Israel Moroccan Jews		0.1880	113
DQA1*01:01	Israel Non Ashkenazi Jews		0.1170	80
DQA1*01:01	Israel Yemenite Jews		0.0970	76
DQA1*01:01	Italy Bergamo	19.8	0.1000	101
DQA1*01:01	Italy Central		0.1000	380
DQA1*01:01	Italy North pop 3	13.4	0.0730	97
DQA1*01:01	Italy pop 2		0.0380	53
DQA1*01:01	Italy pop 3		0.1400	179
DQA1*01:01	Italy Rome	10.5	0.0530	100
DQA1*01:01	Jamaica		0.1140	132
DQA1*01:01	Japan		0.1400	50
DQA1*01:01	Japan Fukuoka		0.0930	86
DQA1*01:01	Japan Hokkaido Wajin	33.8	0.1863	71
DQA1*01:01	Japan Hyogo	36.7	0.2130	32
DQA1*01:01	Japan Nagano	15.8	0.0823	57
DQA1*01:01	Japan pop 11	27.4	0.1479	62
DQA1*01:01	Japan pop 17		0.0658	3,078
DQA1*01:01	Japan pop 2		0.1230	916
DQA1*01:01	Japan pop 8		0.1560	308
DQA1*01:01	Jordan Amman		0.0620	146
DQA1*01:01	Kenya		0.1640	144
DQA1*01:01	Kenya, Nyanza Province, Luo tribe	27.0	0.1400	100
DQA1*01:01	Kiribati		0.1530	62
DQA1*01:01	Kosovo	18.5	0.1048	124
DQA1*01:01	Macedonia pop 5		0.1210	103
DQA1*01:01	Mexico Chiapas Lacandon Mayans		0.0138	218
DQA1*01:01	Mexico Guadalajara Mestizo		0.0830	54
DQA1*01:01	Mexico Guanajuato and Jalisco Mestizo	15.8	0.0790	101
DQA1*01:01	Mexico Highlands Mestizos	16.9	0.0940	160
DQA1*01:01	Mexico Mayan pop 2		0.0030	163
DQA1*01:01	Mexico Nuevo Leon Mestizo	22.5	0.1130	40
DQA1*01:01	Mexico Oaxaca Mixe		0.0090	55
DQA1*01:01	Mexico Oaxaca Mixtec		0.0780	103
DQA1*01:01	Mexico Oaxaca Zapotec		0.0500	90
DQA1*01:01	Mongolia Tarialan Khoton		0.1080	85
DQA1*01:01	Mongolia Ulaanbaatar Khalkha		0.1100	41
DQA1*01:01	Morocco Atlantic Coast Chaouya		0.0420	98
DQA1*01:01	Morocco Settat Chaouya	8.4	0.0420	98
DQA1*01:01	Morocco Souss Region		0.1100	98
DQA1*01:01	Nauru		0.0670	67
DQA1*01:01	New Caledonia		0.1460	65
DQA1*01:01	Nicaragua Managua	22.3	0.1289	339
DQA1*01:01	Niue		0.0930	70
DQA1*01:01	Norway		0.1300	181
DQA1*01:01	Papua New Guinea East New Britain Rabaul		0.2080	60
DQA1*01:01	Papua New Guinea Eastern Highlands Goroka Asaro		0.2280	57
DQA1*01:01	Papua New Guinea Highland pop2		0.3200	28
DQA1*01:01	Papua New Guinea Madang		0.0310	65
DQA1*01:01	Poland Lodz		0.2040	103
DQA1*01:01	Poland Wielkopolska Region		0.1710	99
DQA1*01:01	Portugal Azores Terceira Island	19.3	0.1184	130
DQA1*01:01	Portugal Center pop 2		0.1550	562
DQA1*01:01	Russia Arkhangelsk Pomor		0.1300	63
DQA1*01:01	Russia Murmansk Saomi Mixed		0.1540	70
DQA1*01:01	Russia Nenet Mixed		0.0270	55
DQA1*01:01	Russia Northwest	30.8	0.1730	1,011
DQA1*01:01	Russia Northwest Slavic		0.1550	200
DQA1*01:01	Russia Siberia Chukchi		0.1010	71
DQA1*01:01	Russia Siberia Chukotka Peninsula Chukchi		0.0400	59
DQA1*01:01	Russia Siberia Chukotka Peninsula Eskimo		0.0900	80
DQA1*01:01	Russia Siberia Dudinka Nganasan		0.0630	24
DQA1*01:01	Russia Siberia Eskimo		0.0860	70
DQA1*01:01	Russia Siberia Gvaysugi Udege		0.1000	25
DQA1*01:01	Russia Siberia Irkutsk Tofalar		0.1280	43
DQA1*01:01	Russia Siberia Khabarovsk Evenki		0.1400	25
DQA1*01:01	Russia Siberia Khanty Mansi		0.1030	68
DQA1*01:01	Russia Siberia Kushun Buryat		0.1200	25
DQA1*01:01	Russia Siberia Lower Yenisey Ket		0	17
DQA1*01:01	Russia Siberia Negidal		0.0850	35
DQA1*01:01	Russia Siberia North East Kamchatka Koryak		0.0200	92
DQA1*01:01	Russia Siberia NW of Sakhalin Island Nivkh		0.1600	32
DQA1*01:01	Russia Siberia Polygus Evenk		0.1400	35
DQA1*01:01	Russia Siberia Sulamai Ket		0.1300	22
DQA1*01:01	Russia Siberia Ulchi		0.1370	73
DQA1*01:01	Russia South Ural Bashkir	24.7	0.1270	146
DQA1*01:01	Russia South Ural Russian	34.3	0.1900	207
DQA1*01:01	Russia South Ural Tatar	28.1	0.1520	135
DQA1*01:01	Russia Tuva pop 2		0.1160	169
DQA1*01:01	Russia Tuva pop3		0.1820	44
DQA1*01:01	Russia Tuva Todja		0.0680	22
DQA1*01:01	Russia, South Ural, Chelyabinsk region, Nagaybaks	34.8	0.2140	112
DQA1*01:01	Scotland Orkney	18.3	0.0910	99
DQA1*01:01	Slovenia pop 2	35.0	0.1937	140
DQA1*01:01	South Africa Worcester	18.0	0.0880	159
DQA1*01:01	South Korea pop 1		0.0760	324
DQA1*01:01	South Korea pop 2	15.0	0.0800	207
DQA1*01:01	South Korea pop 4	11.8	0.0608	211
DQA1*01:01	Spain Arratia Valley Basque		0.0530	83
DQA1*01:01	Spain Catalonia Girona		0.0810	88
DQA1*01:01	Spain Gipuzkoa Basque		0.1380	100
DQA1*01:01	Spain Las Alpujarras		0.1765	85
DQA1*01:01	Spain Murcia		0.1550	173
DQA1*01:01	Spain Navarre Basques		0.1300	116
DQA1*01:01	Spain North Cabuerniga		0.0470	95
DQA1*01:01	Spain North Cantabria		0.0780	83
DQA1*01:01	Spain Pas Valley		0.0760	88
DQA1*01:01	Spain Valencia	22.7	0.1208	577
DQA1*01:01	Sri Lanka Colombo	39.9	0.2250	714
DQA1*01:01	Sweden		0.1570	99
DQA1*01:01	Sweden Northern Sami		0.1350	154
DQA1*01:01	Sweden Southern Sami		0.1360	130
DQA1*01:01	Taiwan		0.1310	65
DQA1*01:01	Thailand		0.1440	142
DQA1*01:01	Thailand Kamphaeng Phet		0.2580	97
DQA1*01:01	Thailand North Dai Lue		0.2860	96
DQA1*01:01	Thailand pop 2		0.1810	124
DQA1*01:01	Tunisia	18.4	0.0970	100
DQA1*01:01	Turkey pop 1		0.1440	250
DQA1*01:01	Uganda Baganda		0.1910	47
DQA1*01:01	United Arab Emirates  Abu Dhabi		0.0288	52
DQA1*01:01	USA African American Bethesda	14.8	0.0740	187
DQA1*01:01	USA Caucasian Bethesda	25.1	0.1400	307
DQA1*01:01	USA Hawaii		0.1670	39
DQA1*01:01	USA New Mexico Canoncito Navajo		0.0250	42
DQA1*01:01	USA New Mexico Zuni		0.0200	51
DQA1*01:01	USA San Diego	20.9	0.1060	496
DQA1*01:01	USA San Francisco Caucasian		0.1250	220
DQA1*01:01	USA South Dakota Sioux		0.0260	101
DQA1*01:01	Western Samoa and Tokelau		0.1080	51
DQA1*01:01	Zimbabwe Harare Shona		0.1970	230
DQA1*01:02	Argentina Buenos Aires	30.7	0.1610	466
DQA1*01:02	Argentina Chiriguano	5.4	0.0270	54
DQA1*01:02	Argentina Gran Chaco Eastern Toba		0.0040	135
DQA1*01:02	Argentina Gran Chaco Mataco Wichi		0.0110	49
DQA1*01:02	Argentina Gran Chaco Western Toba Pilaga		0.0930	19
DQA1*01:02	Argentina Rosario Toba	5.8	0.0290	86
DQA1*01:02	Australia Cape York Peninsula Aborigine		0.0960	103
DQA1*01:02	Australia Kimberly Aborigine		0.1460	41
DQA1*01:02	Azores Terceira Island		0.1090	130
DQA1*01:02	Brazil   ParanÃ¡ Caucasian	28.2	0.1568	641
DQA1*01:02	Brazil  Puyanawa	26.7	0.1370	150
DQA1*01:02	Brazil Central Plateau Xavante		0	74
DQA1*01:02	Brazil Guarani M bya		0	93
DQA1*01:02	Brazil Guarani Nandeva		0	86
DQA1*01:02	Brazil Kaingang		0	235
DQA1*01:02	Brazil North East Mixed		0.1610	205
DQA1*01:02	Cameroon		0.3800	126
DQA1*01:02	Cameroon Saa		0.3630	172
DQA1*01:02	Canada British Columbia Athabaskan		0	62
DQA1*01:02	China Beijing and Xian		0.1430	171
DQA1*01:02	China Canton Han		0.2010	264
DQA1*01:02	China Harbin Manchu pop 2		0.1490	50
DQA1*01:02	China Hong Kong and Singapore		0.2300	135
DQA1*01:02	China pop1	33.0	0.1810	103
DQA1*01:02	China Urumqi Han		0.1950	59
DQA1*01:02	China Urumqi Kazak		0.0480	42
DQA1*01:02	China Urumqi Uyghur	26.3	0.1400	57
DQA1*01:02	China Xinjiang Province Uyghur		0.1200	92
DQA1*01:02	China Yichun		0.1220	76
DQA1*01:02	China Zhejiang Han pop 2		0.1596	833
DQA1*01:02	China, Xinjiang Uyghur Autonomous Region Han	34.3	0.2143	70
DQA1*01:02	China, Xinjiang Uyghur Autonomous Region Hui	20.0	0.1250	40
DQA1*01:02	China, Xinjiang Uyghur Autonomous Region Kazakh	23.1	0.1442	52
DQA1*01:02	China, Xinjiang Uyghur Autonomous Region Uyghur	25.4	0.1479	71
DQA1*01:02	Colombia Guajira Peninsula Wayuu		0.1350	88
DQA1*01:02	Colombia Northwest Choco		0.2000	20
DQA1*01:02	Colombia Providencia Island African		0.3000	30
DQA1*01:02	Colombia Sierra Nevada de Santa Marta Arhuaco		0.0490	107
DQA1*01:02	Colombia Sierra Nevada de Santa Marta Ijka pop 2		0.0500	30
DQA1*01:02	Colombia West Cauca		0.2750	20
DQA1*01:02	Congo Kinshasa Bantu	63.3	0.4170	90
DQA1*01:02	Cook Islands Rarotonga		0.0450	78
DQA1*01:02	Croatia Gorski Kotar Region		0.1830	63
DQA1*01:02	Croatia Krk Island		0.1890	212
DQA1*01:02	Croatia Krk Island Dobrinj		0.2680	28
DQA1*01:02	Croatia Krk Island Dubasnica		0.1740	23
DQA1*01:02	Croatia Krk Island Vrbnik		0.0710	28
DQA1*01:02	Czech Republic		0.1710	106
DQA1*01:02	Czech Republic pop 2	30.3	0.1651	99
DQA1*01:02	Czech Republic pop 3	35.6	0.2030	180
DQA1*01:02	Czech Republic Romani	23.5	0.1253	34
DQA1*01:02	Denmark		0.2180	55
DQA1*01:02	Ecuador African		0.3790	58
DQA1*01:02	Ecuador African pop2		0.2000	45
DQA1*01:02	Ecuador Cayapa		0.0030	183
DQA1*01:02	Ecuador Cayapa pop 2		0.0294	34
DQA1*01:02	England	37.2	0.2075	537
DQA1*01:02	England pop 3	35.6	0.1780	61
DQA1*01:02	England pop 6	35.0	0.1840	177
DQA1*01:02	Equatorial Guinea Bioko Island Bubi		0.1820	100
DQA1*01:02	Ethiopia Amhara		0.2810	98
DQA1*01:02	Ethiopia Oromo		0.2890	83
DQA1*01:02	Fiji Viti Levu Island		0.2190	57
DQA1*01:02	France Ceph		0.2050	124
DQA1*01:02	France Lille		0.1680	95
DQA1*01:02	France South		0.2290	350
DQA1*01:02	Gabon Haut-Ogooue Dienga		0.5000	167
DQA1*01:02	Gambia		0.2230	146
DQA1*01:02	Georgia Svaneti Region Svan		0.1310	80
DQA1*01:02	Germany Essen	42.0	0.2270	174
DQA1*01:02	Germany pop 3	38.7	0.2170	111
DQA1*01:02	Greece	44.0	0.2600	48
DQA1*01:02	Greece pop 5		0.2480	500
DQA1*01:02	Greece pop2	42.4	0.2410	120
DQA1*01:02	Greece pop3	43.9	0.2510	246
DQA1*01:02	Hong Kong Chinese HKBMDR. DQ and DP	33.6	0.1861	1,064
DQA1*01:02	India Bombay		0.1270	59
DQA1*01:02	India Lucknow	23.3	0.1200	123
DQA1*01:02	India North pop 2		0.1460	72
DQA1*01:02	India Northeast Kayastha		0.0920	190
DQA1*01:02	India Northeast Lachung		0.1550	58
DQA1*01:02	India Northeast Mathur		0.1360	155
DQA1*01:02	India Northeast Mech		0.1350	63
DQA1*01:02	India Northeast Rajbanshi		0.1330	98
DQA1*01:02	India Northeast Rastogi		0.0970	196
DQA1*01:02	India Northeast Shia		0.0290	190
DQA1*01:02	India Northeast Sunni		0.0790	188
DQA1*01:02	India Northeast Vaish		0.1560	198
DQA1*01:02	India Uttar Pradesh		0.1530	202
DQA1*01:02	Indonesia Java Yogyakarta Region		0.1300	62
DQA1*01:02	Israel Arab		0.1170	109
DQA1*01:02	Israel Ashkenazi Jews		0.0690	80
DQA1*01:02	Israel Ashkenazi Jews pop 2		0.0960	132
DQA1*01:02	Israel Ethiopian Jews		0.2870	122
DQA1*01:02	Israel Iranian Jews		0.2040	101
DQA1*01:02	Israel Libyan Jews		0.0700	119
DQA1*01:02	Israel Moroccan Jews		0.1010	113
DQA1*01:02	Israel Non Ashkenazi Jews		0.0760	80
DQA1*01:02	Israel Yemenite Jews		0.0750	76
DQA1*01:02	Italy Bergamo	27.7	0.1380	101
DQA1*01:02	Italy Central		0.1370	380
DQA1*01:02	Italy North pop 3	28.8	0.1550	97
DQA1*01:02	Italy pop 2		0.1130	53
DQA1*01:02	Italy pop 3		0.1600	179
DQA1*01:02	Italy Rome	22.4	0.1450	100
DQA1*01:02	Jamaica		0.2080	132
DQA1*01:02	Japan		0.1200	50
DQA1*01:02	Japan Fukuoka		0.1160	86
DQA1*01:02	Japan Hokkaido Wajin	31.0	0.1693	71
DQA1*01:02	Japan Hyogo	33.3	0.1810	32
DQA1*01:02	Japan Nagano	36.8	0.2050	57
DQA1*01:02	Japan pop 11	30.6	0.1669	62
DQA1*01:02	Japan pop 17		0.1341	3,078
DQA1*01:02	Japan pop 2		0.1210	916
DQA1*01:02	Japan pop 8		0.1120	308
DQA1*01:02	Jordan Amman		0.1170	146
DQA1*01:02	Kenya		0.3030	144
DQA1*01:02	Kenya, Nyanza Province, Luo tribe	57.0	0.3200	100
DQA1*01:02	Kiribati		0.1290	62
DQA1*01:02	Kosovo	45.2	0.2661	124
DQA1*01:02	Macedonia pop 5		0.2960	103
DQA1*01:02	Mexico Chiapas Lacandon Mayans		0.0069	218
DQA1*01:02	Mexico Guadalajara Mestizo		0.0280	54
DQA1*01:02	Mexico Guanajuato and Jalisco Mestizo	15.8	0.0790	101
DQA1*01:02	Mexico Highlands Mestizos	18.1	0.0940	160
DQA1*01:02	Mexico Mayan		0.0330	16
DQA1*01:02	Mexico Nuevo Leon Mestizo	20.0	0.1000	40
DQA1*01:02	Mexico Oaxaca Mixtec		0.0290	103
DQA1*01:02	Mexico Oaxaca Zapotec		0.0280	90
DQA1*01:02	Mongolia Tarialan Khoton		0.0600	85
DQA1*01:02	Mongolia Ulaanbaatar Khalkha		0.0410	41
DQA1*01:02	Morocco Atlantic Coast Chaouya		0.2340	98
DQA1*01:02	Morocco Settat Chaouya	46.8	0.2340	98
DQA1*01:02	Morocco Souss Region		0.1480	98
DQA1*01:02	Nauru		0.3280	67
DQA1*01:02	New Caledonia		0.2460	65
DQA1*01:02	Nicaragua Managua	24.6	0.1328	339
DQA1*01:02	Niue		0.0360	70
DQA1*01:02	Norway		0.2200	181
DQA1*01:02	Papua New Guinea East New Britain Rabaul		0.1670	60
DQA1*01:02	Papua New Guinea Eastern Highlands Goroka Asaro		0.4650	57
DQA1*01:02	Papua New Guinea Highland pop2		0.3590	28
DQA1*01:02	Papua New Guinea Madang		0.3850	65
DQA1*01:02	Paraguay AchÃ©		0	87
DQA1*01:02	Peru Quechua		0.0450	44
DQA1*01:02	Poland Lodz		0.1940	103
DQA1*01:02	Poland Wielkopolska Region		0.1880	99
DQA1*01:02	Portugal Azores Terceira Island	19.3	0.1053	130
DQA1*01:02	Portugal Center pop 2		0.1290	562
DQA1*01:02	Russia Arkhangelsk Pomor		0.2050	63
DQA1*01:02	Russia Murmansk Saomi Mixed		0.1230	70
DQA1*01:02	Russia Nenet Mixed		0.0550	55
DQA1*01:02	Russia Northwest	26.9	0.1410	1,011
DQA1*01:02	Russia Northwest Slavic		0.1850	200
DQA1*01:02	Russia Siberia Chukchi		0.0220	71
DQA1*01:02	Russia Siberia Chukotka Peninsula Chukchi		0	59
DQA1*01:02	Russia Siberia Chukotka Peninsula Eskimo		0	80
DQA1*01:02	Russia Siberia Dudinka Nganasan		0.0210	24
DQA1*01:02	Russia Siberia Eskimo		0.0210	70
DQA1*01:02	Russia Siberia Gvaysugi Udege		0	25
DQA1*01:02	Russia Siberia Irkutsk Tofalar		0.1630	43
DQA1*01:02	Russia Siberia Khabarovsk Evenki		0.0800	25
DQA1*01:02	Russia Siberia Khanty Mansi		0.1250	68
DQA1*01:02	Russia Siberia Kushun Buryat		0.2200	25
DQA1*01:02	Russia Siberia Lower Yenisey Ket		0.0290	17
DQA1*01:02	Russia Siberia Negidal		0.0570	35
DQA1*01:02	Russia Siberia North East Kamchatka Koryak		0.0100	92
DQA1*01:02	Russia Siberia NW of Sakhalin Island Nivkh		0	32
DQA1*01:02	Russia Siberia Polygus Evenk		0	35
DQA1*01:02	Russia Siberia Sulamai Ket		0	22
DQA1*01:02	Russia Siberia Ulchi		0.0680	73
DQA1*01:02	Russia South Ural Bashkir	26.7	0.1400	146
DQA1*01:02	Russia South Ural Russian	32.4	0.1760	207
DQA1*01:02	Russia South Ural Tatar	33.3	0.1810	135
DQA1*01:02	Russia Tuva pop 2		0.1800	169
DQA1*01:02	Russia Tuva pop3		0.1360	44
DQA1*01:02	Russia Tuva Todja		0.2500	22
DQA1*01:02	Russia, South Ural, Chelyabinsk region, Nagaybaks	17.0	0.0850	112
DQA1*01:02	Scotland Orkney	42.3	0.2250	99
DQA1*01:02	Singapore SGVP Chinese CHS		0.6170	96
DQA1*01:02	Singapore SGVP Malay MAS		0.6970	89
DQA1*01:02	Singapore SGVP. Indian INS		0.1820	86
DQA1*01:02	Slovenia pop 2	42.0	0.2384	140
DQA1*01:02	South Africa Worcester	45.0	0.2480	159
DQA1*01:02	South Korea pop 1		0.2020	324
DQA1*01:02	South Korea pop 2	30.9	0.1760	207
DQA1*01:02	South Korea pop 4	32.7	0.1796	211
DQA1*01:02	Spain Arratia Valley Basque		0.1870	83
DQA1*01:02	Spain Catalonia Girona		0.1450	88
DQA1*01:02	Spain Gipuzkoa Basque		0.1330	100
DQA1*01:02	Spain Las Alpujarras		0.1471	85
DQA1*01:02	Spain Murcia		0.1200	173
DQA1*01:02	Spain Navarre Basques		0.1740	116
DQA1*01:02	Spain North Cabuerniga		0.3160	95
DQA1*01:02	Spain North Cantabria		0.2710	83
DQA1*01:02	Spain Pas Valley		0.3370	88
DQA1*01:02	Spain Valencia	28.4	0.1538	577
DQA1*01:02	Sri Lanka Colombo	24.8	0.1320	714
DQA1*01:02	Sweden		0.2120	99
DQA1*01:02	Sweden Northern Sami		0.1040	154
DQA1*01:02	Sweden Southern Sami		0.1940	130
DQA1*01:02	Taiwan		0.1080	65
DQA1*01:02	Thailand		0.1830	142
DQA1*01:02	Thailand Kamphaeng Phet		0.2170	97
DQA1*01:02	Thailand North Dai Lue		0.2920	96
DQA1*01:02	Thailand pop 2		0.1940	124
DQA1*01:02	Tunisia	22.8	0.1210	100
DQA1*01:02	Turkey pop 1		0.1640	250
DQA1*01:02	Uganda Baganda		0.3940	47
DQA1*01:02	United Arab Emirates  Abu Dhabi		0.2019	52
DQA1*01:02	USA African American Bethesda	47.7	0.3070	187
DQA1*01:02	USA Arizona Gila River Amerindian		0.0020	492
DQA1*01:02	USA Caucasian Bethesda	26.3	0.1490	307
DQA1*01:02	USA Hawaii		0.1150	39
DQA1*01:02	USA San Diego	36.3	0.2160	496
DQA1*01:02	USA San Francisco Caucasian		0.2300	220
DQA1*01:02	USA South Dakota Sioux		0.0470	101
DQA1*01:02	Western Samoa and Tokelau		0.0980	51
DQA1*01:02	Zimbabwe Harare Shona		0.3430	230
DQA1*01:03	Argentina Buenos Aires	13.9	0.0720	466
DQA1*01:03	Argentina Gran Chaco Eastern Toba		0.0080	135
DQA1*01:03	Argentina Gran Chaco Mataco Wichi		0.0110	49
DQA1*01:03	Argentina Gran Chaco Western Toba Pilaga		0.0300	19
DQA1*01:03	Argentina Mapuche		0.0290	48
DQA1*01:03	Argentina Rosario Toba	2.3	0.0120	86
DQA1*01:03	Australia Cape York Peninsula Aborigine		0.3590	103
DQA1*01:03	Australia Kimberly Aborigine		0.2800	41
DQA1*01:03	Azores Terceira Island		0.0970	130
DQA1*01:03	Brazil   ParanÃ¡ Caucasian	11.9	0.0616	641
DQA1*01:03	Brazil  Puyanawa	11.3	0.0570	150
DQA1*01:03	Brazil Central Plateau Xavante		0	74
DQA1*01:03	Brazil Guarani M bya		0.0110	93
DQA1*01:03	Brazil Guarani Nandeva		0	86
DQA1*01:03	Brazil Kaingang		0.0020	235
DQA1*01:03	Brazil North East Mixed		0.0600	205
DQA1*01:03	Cameroon		0.0430	126
DQA1*01:03	Cameroon Saa		0.0120	172
DQA1*01:03	Canada British Columbia Athabaskan		0	62
DQA1*01:03	China Beijing and Xian		0.1200	171
DQA1*01:03	China Canton Han		0.0660	264
DQA1*01:03	China Harbin Manchu pop 2		0.0850	50
DQA1*01:03	China Hong Kong and Singapore		0.0590	135
DQA1*01:03	China pop1	18.4	0.0970	103
DQA1*01:03	China Urumqi Han		0.1100	59
DQA1*01:03	China Urumqi Kazak		0.0830	42
DQA1*01:03	China Urumqi Uyghur	14.0	0.0790	57
DQA1*01:03	China Xinjiang Province Uyghur		0.1520	92
DQA1*01:03	China Yichun		0.0710	76
DQA1*01:03	China Zhejiang Han pop 2		0.0990	833
DQA1*01:03	China, Xinjiang Uyghur Autonomous Region Han	24.3	0.1214	70
DQA1*01:03	China, Xinjiang Uyghur Autonomous Region Hui	30.0	0.1500	40
DQA1*01:03	China, Xinjiang Uyghur Autonomous Region Kazakh	15.4	0.0769	52
DQA1*01:03	China, Xinjiang Uyghur Autonomous Region Uyghur	19.7	0.0986	71
DQA1*01:03	Colombia Guajira Peninsula Wayuu		0.0090	88
DQA1*01:03	Colombia Northwest Choco		0.0250	20
DQA1*01:03	Colombia Providencia Island African		0.0170	30
DQA1*01:03	Colombia Sierra Nevada de Santa Marta Arhuaco		0.0330	107
DQA1*01:03	Colombia West Cauca		0.0250	20
DQA1*01:03	Congo Kinshasa Bantu	7.8	0.0390	90
DQA1*01:03	Cook Islands Rarotonga		0.0640	78
DQA1*01:03	Costa Rica and Panama Mestizo		0.0400	56
DQA1*01:03	Croatia Gorski Kotar Region		0.0790	63
DQA1*01:03	Croatia Krk Island		0.1320	212
DQA1*01:03	Croatia Krk Island Dobrinj		0.1430	28
DQA1*01:03	Croatia Krk Island Dubasnica		0.2390	23
DQA1*01:03	Croatia Krk Island Vrbnik		0.0710	28
DQA1*01:03	Czech Republic		0.1050	106
DQA1*01:03	Czech Republic pop 2	16.2	0.0845	99
DQA1*01:03	Czech Republic pop 3	15.6	0.0810	180
DQA1*01:03	Czech Republic Romani	29.4	0.1597	34
DQA1*01:03	Denmark		0.0820	55
DQA1*01:03	Ecuador African		0.1290	58
DQA1*01:03	Ecuador African pop2		0.0222	45
DQA1*01:03	England	4.4	0.0222	537
DQA1*01:03	England pop 2		0.0570	114
DQA1*01:03	England pop 3	15.3	0.0760	61
DQA1*01:03	England pop 6	8.5	0.0420	177
DQA1*01:03	Equatorial Guinea Bioko Island Bubi		0.0800	100
DQA1*01:03	Ethiopia Amhara		0.0200	98
DQA1*01:03	Ethiopia Oromo		0.0240	83
DQA1*01:03	Fiji Viti Levu Island		0.1140	57
DQA1*01:03	France Ceph		0.0440	124
DQA1*01:03	France Lille		0.0790	95
DQA1*01:03	France South		0.0640	350
DQA1*01:03	Gabon Haut-Ogooue Dienga		0.0390	167
DQA1*01:03	Gambia		0.0310	146
DQA1*01:03	Georgia Svaneti Region Svan		0.1630	80
DQA1*01:03	Germany Essen	16.1	0.0810	174
DQA1*01:03	Germany pop 3	12.6	0.0651	111
DQA1*01:03	Greece	15.0	0.0730	48
DQA1*01:03	Greece pop 4		0.0710	98
DQA1*01:03	Greece pop 5		0.0580	500
DQA1*01:03	Greece pop2	8.9	0.0450	120
DQA1*01:03	Greece pop3	12.7	0.0656	246
DQA1*01:03	Hong Kong Chinese HKBMDR. DQ and DP	13.9	0.0714	1,064
DQA1*01:03	India Bombay		0.2710	59
DQA1*01:03	India Lucknow	27.5	0.1380	123
DQA1*01:03	India North pop 2		0.1740	72
DQA1*01:03	India Northeast Kayastha		0.1600	190
DQA1*01:03	India Northeast Lachung		0.0950	58
DQA1*01:03	India Northeast Mathur		0.1520	155
DQA1*01:03	India Northeast Mech		0.1190	63
DQA1*01:03	India Northeast Rajbanshi		0.0810	98
DQA1*01:03	India Northeast Rastogi		0.1480	196
DQA1*01:03	India Northeast Shia		0.1470	190
DQA1*01:03	India Northeast Sunni		0.1250	188
DQA1*01:03	India Northeast Vaish		0.1110	198
DQA1*01:03	India Uttar Pradesh		0.1380	202
DQA1*01:03	Indonesia Java Yogyakarta Region		0.0260	62
DQA1*01:03	Iran		0.1120	58
DQA1*01:03	Iran Azeri		0.1350	100
DQA1*01:03	Iran Baloch		0.0800	100
DQA1*01:03	Iran Fars Parsi		0.1160	73
DQA1*01:03	Iran Kurd		0.1450	100
DQA1*01:03	Iran Yazd Zoroastrian		0.1460	65
DQA1*01:03	Israel Arab		0.0910	109
DQA1*01:03	Israel Ashkenazi Jews		0.0780	80
DQA1*01:03	Israel Ashkenazi Jews pop 2		0.0960	132
DQA1*01:03	Israel Ethiopian Jews		0.0080	122
DQA1*01:03	Israel Iranian Jews		0.1160	101
DQA1*01:03	Israel Libyan Jews		0.0930	119
DQA1*01:03	Israel Moroccan Jews		0.1490	113
DQA1*01:03	Israel Non Ashkenazi Jews		0.0690	80
DQA1*01:03	Israel Yemenite Jews		0.0900	76
DQA1*01:03	Italy Bergamo	11.9	0.0590	101
DQA1*01:03	Italy Central		0.0670	380
DQA1*01:03	Italy North pop 3	9.3	0.0530	97
DQA1*01:03	Italy pop 2		0.1130	53
DQA1*01:03	Italy pop 3		0.0700	179
DQA1*01:03	Italy Rome	6.6	0.0330	100
DQA1*01:03	Jamaica		0.1520	132
DQA1*01:03	Japan		0.2200	50
DQA1*01:03	Japan Fukuoka		0.2330	86
DQA1*01:03	Japan Hokkaido Wajin	40.8	0.2305	71
DQA1*01:03	Japan Hyogo	30.0	0.1500	32
DQA1*01:03	Japan Nagano	31.6	0.1729	57
DQA1*01:03	Japan pop 11	38.7	0.2170	62
DQA1*01:03	Japan pop 17		0.1917	3,078
DQA1*01:03	Japan pop 2		0.1690	916
DQA1*01:03	Japan pop 8		0.1720	308
DQA1*01:03	Jordan Amman		0.1100	146
DQA1*01:03	Kenya		0.0250	144
DQA1*01:03	Kenya, Nyanza Province, Luo tribe	7.0	0.0350	100
DQA1*01:03	Kiribati		0.1130	62
DQA1*01:03	Kosovo	14.5	0.0726	124
DQA1*01:03	Macedonia pop 5		0.0530	103
DQA1*01:03	Mexico Chiapas Lacandon Mayans		0.0023	218
DQA1*01:03	Mexico Guadalajara Mestizo		0.0370	54
DQA1*01:03	Mexico Guanajuato and Jalisco Mestizo	2.0	0.0100	101
DQA1*01:03	Mexico Highlands Mestizos	6.3	0.0310	160
DQA1*01:03	Mexico Nuevo Leon Mestizo	2.5	0.0130	40
DQA1*01:03	Mongolia Tarialan Khoton		0.0860	85
DQA1*01:03	Mongolia Ulaanbaatar Khalkha		0.2070	41
DQA1*01:03	Morocco Atlantic Coast Chaouya		0.0240	98
DQA1*01:03	Morocco Settat Chaouya	4.8	0.0240	98
DQA1*01:03	Morocco Souss Region		0.0150	98
DQA1*01:03	Nauru		0.0520	67
DQA1*01:03	Netherlands pop 2	30.3	0.1651	155
DQA1*01:03	New Caledonia		0.0920	65
DQA1*01:03	Nicaragua Managua	5.9	0.0332	339
DQA1*01:03	Niue		0.1000	70
DQA1*01:03	Norway		0.0700	181
DQA1*01:03	Papua New Guinea East New Britain Rabaul		0.0500	60
DQA1*01:03	Papua New Guinea Eastern Highlands Goroka Asaro		0.0970	57
DQA1*01:03	Papua New Guinea Highland pop2		0.0770	28
DQA1*01:03	Papua New Guinea Madang		0.0150	65
DQA1*01:03	Paraguay AchÃ©		0	87
DQA1*01:03	Peru Quechua		0	44
DQA1*01:03	Poland Lodz		0.0530	103
DQA1*01:03	Poland Wielkopolska Region		0.1000	99
DQA1*01:03	Portugal Azores Terceira Island	19.3	0.1096	130
DQA1*01:03	Portugal Center pop 2		0.0990	562
DQA1*01:03	Russia Arkhangelsk Pomor		0.0620	63
DQA1*01:03	Russia Murmansk Saomi Mixed		0.0490	70
DQA1*01:03	Russia Nenet Mixed		0.0910	55
DQA1*01:03	Russia Northwest	25.6	0.1350	1,011
DQA1*01:03	Russia Northwest Slavic		0.0850	200
DQA1*01:03	Russia Siberia Chukchi		0	71
DQA1*01:03	Russia Siberia Chukotka Peninsula Chukchi		0.0100	59
DQA1*01:03	Russia Siberia Chukotka Peninsula Eskimo		0	80
DQA1*01:03	Russia Siberia Dudinka Nganasan		0.0420	24
DQA1*01:03	Russia Siberia Eskimo		0.0070	70
DQA1*01:03	Russia Siberia Gvaysugi Udege		0	25
DQA1*01:03	Russia Siberia Irkutsk Tofalar		0.0230	43
DQA1*01:03	Russia Siberia Khabarovsk Evenki		0.0200	25
DQA1*01:03	Russia Siberia Khanty Mansi		0.1540	68
DQA1*01:03	Russia Siberia Kushun Buryat		0	25
DQA1*01:03	Russia Siberia Lower Yenisey Ket		0.2940	17
DQA1*01:03	Russia Siberia Negidal		0.0290	35
DQA1*01:03	Russia Siberia North East Kamchatka Koryak		0	92
DQA1*01:03	Russia Siberia NW of Sakhalin Island Nivkh		0.0700	32
DQA1*01:03	Russia Siberia Polygus Evenk		0.0600	35
DQA1*01:03	Russia Siberia Sulamai Ket		0.1300	22
DQA1*01:03	Russia Siberia Ulchi		0.0210	73
DQA1*01:03	Russia South Ural Bashkir	23.3	0.1270	146
DQA1*01:03	Russia South Ural Russian	18.8	0.1010	207
DQA1*01:03	Russia South Ural Tatar	17.8	0.0960	135
DQA1*01:03	Russia Tuva pop 2		0.1010	169
DQA1*01:03	Russia Tuva pop3		0.1140	44
DQA1*01:03	Russia Tuva Todja		0.1130	22
DQA1*01:03	Russia, South Ural, Chelyabinsk region, Nagaybaks	14.3	0.0760	112
DQA1*01:03	Scotland Orkney	8.7	0.0430	99
DQA1*01:03	Singapore SGVP Chinese CHS		0.2980	96
DQA1*01:03	Singapore SGVP Malay MAS		0.1210	89
DQA1*01:03	Singapore SGVP. Indian INS		0.4320	86
DQA1*01:03	Slovenia	11.0	0.0566	100
DQA1*01:03	Slovenia pop 2	3.6	0.0181	140
DQA1*01:03	South Africa Worcester	18.0	0.0940	159
DQA1*01:03	South Korea pop 1		0.1110	324
DQA1*01:03	South Korea pop 2	18.8	0.0970	207
DQA1*01:03	South Korea pop 4	23.7	0.1265	211
DQA1*01:03	South Korea pop 5		0.1060	467
DQA1*01:03	Spain Arratia Valley Basque		0.0470	83
DQA1*01:03	Spain Catalonia Girona		0.0830	88
DQA1*01:03	Spain Gipuzkoa Basque		0.0710	100
DQA1*01:03	Spain Las Alpujarras		0.0704	85
DQA1*01:03	Spain Murcia		0.1070	173
DQA1*01:03	Spain Navarre Basques		0.0710	116
DQA1*01:03	Spain North Cabuerniga		0.0530	95
DQA1*01:03	Spain North Cantabria		0.0660	83
DQA1*01:03	Spain Pas Valley		0.0600	88
DQA1*01:03	Spain Valencia	13.3	0.0688	577
DQA1*01:03	Sri Lanka Colombo	33.2	0.1890	714
DQA1*01:03	Sweden		0.0250	99
DQA1*01:03	Sweden Northern Sami		0.0530	154
DQA1*01:03	Sweden Southern Sami		0.0880	130
DQA1*01:03	Taiwan		0.1620	65
DQA1*01:03	Thailand		0.0600	142
DQA1*01:03	Thailand Kamphaeng Phet		0.0360	97
DQA1*01:03	Thailand North Dai Lue		0	96
DQA1*01:03	Thailand pop 2		0.0360	124
DQA1*01:03	Tunisia	8.6	0.0440	100
DQA1*01:03	Turkey pop 1		0.0900	250
DQA1*01:03	Uganda Baganda		0.0530	47
DQA1*01:03	United Arab Emirates  Abu Dhabi		0.0865	52
DQA1*01:03	USA African American Bethesda	2.2	0.0110	187
DQA1*01:03	USA Caucasian Bethesda	15.2	0.0760	307
DQA1*01:03	USA Hawaii		0.1670	39
DQA1*01:03	USA San Diego	11.8	0.0600	496
DQA1*01:03	USA San Francisco Caucasian		0.0730	220
DQA1*01:03	USA South Dakota Sioux		0.0050	101
DQA1*01:03	Western Samoa and Tokelau		0.0980	51
DQA1*01:03	Zimbabwe Harare Shona		0.0660	230
DQA1*01:04	Azores Terceira Island		0.0160	130
DQA1*01:04	Brazil   ParanÃ¡ Caucasian	2.5	0.0140	641
DQA1*01:04	Brazil Guarani M bya		0	93
DQA1*01:04	Brazil Guarani Nandeva		0	86
DQA1*01:04	Cameroon		0.0710	126
DQA1*01:04	China Urumqi Uyghur	0.0	0	57
DQA1*01:04	China Zhejiang Han pop 2		0.0414	833
DQA1*01:04	Congo Kinshasa Bantu	1.1	0.0060	90
DQA1*01:04	Croatia Gorski Kotar Region		0.0080	63
DQA1*01:04	Czech Republic		0.0290	106
DQA1*01:04	Czech Republic pop 3	4.4	0.0280	180
DQA1*01:04	Georgia Svaneti Region Svan		0.0500	80
DQA1*01:04	Germany Essen	8.1	0.0400	174
DQA1*01:04	Germany pop 3	7.2	0.0366	111
DQA1*01:04	Greece pop 4		0.0200	98
DQA1*01:04	Greece pop 5		0.0590	500
DQA1*01:04	Greece pop2	15.9	0.0830	120
DQA1*01:04	Greece pop3	7.0	0.0356	246
DQA1*01:04	Hong Kong Chinese HKBMDR. DQ and DP	14.6	0.0738	1,064
DQA1*01:04	India Lucknow	31.7	0.1690	123
DQA1*01:04	India Northeast Kayastha		0.0460	190
DQA1*01:04	India Northeast Lachung		0.0170	58
DQA1*01:04	India Northeast Mathur		0.1360	155
DQA1*01:04	India Northeast Mech		0.0240	63
DQA1*01:04	India Northeast Rajbanshi		0.0770	98
DQA1*01:04	India Northeast Rastogi		0.1020	196
DQA1*01:04	India Northeast Shia		0.0550	190
DQA1*01:04	India Northeast Sunni		0.1030	188
DQA1*01:04	India Northeast Vaish		0.1520	198
DQA1*01:04	India Uttar Pradesh		0.1410	202
DQA1*01:04	Italy Bergamo	8.9	0.0550	101
DQA1*01:04	Italy Central		0.0390	380
DQA1*01:04	Italy North pop 3	15.5	0.0840	97
DQA1*01:04	Italy pop 2		0.0660	53
DQA1*01:04	Italy pop 3		0.0200	179
DQA1*01:04	Italy Rome	9.2	0.0530	100
DQA1*01:04	Japan pop 17		0.0472	3,078
DQA1*01:04	Jordan Amman		0.0280	146
DQA1*01:04	Kosovo	4.8	0.0242	124
DQA1*01:04	Mexico Guadalajara Mestizo		0.1020	54
DQA1*01:04	Mexico Highlands Mestizos	0.0	0	160
DQA1*01:04	Mexico Nuevo Leon Mestizo	0.0	0	40
DQA1*01:04	Morocco Atlantic Coast Chaouya		0.0120	98
DQA1*01:04	Morocco Settat Chaouya	2.4	0.0120	98
DQA1*01:04	Paraguay AchÃ©		0	87
DQA1*01:04	Peru Quechua		0.0120	44
DQA1*01:04	Portugal Azores Terceira Island	3.5	0.0175	130
DQA1*01:04	Russia Siberia Lower Yenisey Ket		0	17
DQA1*01:04	Scotland Orkney	1.0	0.0050	99
DQA1*01:04	South Africa Worcester	1.0	0.0030	159
DQA1*01:04	South Korea pop 1		0.0630	324
DQA1*01:04	South Korea pop 2	14.5	0.0720	207
DQA1*01:04	South Korea pop 4	16.1	0.0840	211
DQA1*01:04	Spain Arratia Valley Basque		0.0130	83
DQA1*01:04	Spain Las Alpujarras		0.0059	85
DQA1*01:04	Spain Murcia		0.0120	173
DQA1*01:04	Spain North Cabuerniga		0.0110	95
DQA1*01:04	Spain North Cantabria		0.0120	83
DQA1*01:04	Spain Pas Valley		0.0160	88
DQA1*01:04	Spain Valencia	4.5	0.0227	577
DQA1*01:04	Taiwan		0.0310	65
DQA1*01:04	Thailand		0.0420	142
DQA1*01:04	Tunisia	3.2	0.0160	100
DQA1*01:04	Turkey pop 1		0	250
DQA1*01:04	United Arab Emirates  Abu Dhabi		0.0288	52
DQA1*01:04	USA African American Bethesda	2.2	0.0110	187
DQA1*01:04	USA Caucasian Bethesda	6.4	0.0320	307
DQA1*01:04	USA San Diego	0.8	0.0040	496
DQA1*01:05	Azores Terceira Island		0.0080	130
DQA1*01:05	Brazil Kaingang		0	235
DQA1*01:05	Brazil North East Mixed		0	205
DQA1*01:05	China Urumqi Uyghur	0.0	0	57
DQA1*01:05	China Zhejiang Han pop 2		0.0156	833
DQA1*01:05	Congo Kinshasa Bantu	12.2	0.0610	90
DQA1*01:05	Croatia Gorski Kotar Region		0.0320	63
DQA1*01:05	Czech Republic		0.0050	106
DQA1*01:05	Czech Republic pop 3	3.9	0.0190	180
DQA1*01:05	England pop 2		0.0180	114
DQA1*01:05	Georgia Svaneti Region Svan		0.0250	80
DQA1*01:05	Greece pop2	1.6	0.0080	120
DQA1*01:05	Hong Kong Chinese HKBMDR. DQ and DP	2.9	0.0150	1,064
DQA1*01:05	Iran		0.0950	58
DQA1*01:05	Italy Bergamo	1.0	0.0050	101
DQA1*01:05	Italy North pop 3	1.0	0.0060	97
DQA1*01:05	Italy Rome	0.0	0	100
DQA1*01:05	Japan pop 17		0.0055	3,078
DQA1*01:05	Mexico Chiapas Lacandon Mayans		0.0023	218
DQA1*01:05	Mexico Highlands Mestizos	0.0	0	160
DQA1*01:05	Mexico Nuevo Leon Mestizo	0.0	0	40
DQA1*01:05	Morocco Atlantic Coast Chaouya		0.0420	98
DQA1*01:05	Morocco Settat Chaouya	8.4	0.0420	98
DQA1*01:05	Netherlands pop 2	0.6	0.0030	155
DQA1*01:05	Portugal Azores Terceira Island	1.8	0.0088	130
DQA1*01:05	Russia Siberia Lower Yenisey Ket		0	17
DQA1*01:05	South Korea pop 1		0.0120	324
DQA1*01:05	South Korea pop 2	4.3	0.0220	207
DQA1*01:05	South Korea pop 4	3.8	0.0191	211
DQA1*01:05	South Korea pop 5		0.0160	467
DQA1*01:05	Spain Murcia		0	173
DQA1*01:05	Spain Valencia	2.3	0.0115	577
DQA1*01:05	Tunisia	6.5	0.0330	100
DQA1*01:05	United Arab Emirates  Abu Dhabi		0.0192	52
DQA1*01:05	USA African American Bethesda	10.2	0.0570	187
DQA1*01:05	USA Caucasian Bethesda	3.0	0.0150	307
DQA1*01:05	USA San Diego	0.5	0.0030	496
DQA1*01:06	Congo Kinshasa Bantu	0.0	0	90
DQA1*01:06	England pop 2		0	114
DQA1*01:06	Italy Rome	0.0	0	100
DQA1*01:06	Morocco Settat Chaouya	0.0	0	98
DQA1*01:06	Netherlands pop 2	0.0	0	155
DQA1*01:06	Nicaragua Managua	0.4	0.0020	339
DQA1*01:06	South Korea pop 5		0	467
DQA1*01:06	USA African American Bethesda	0.0	0	187
DQA1*01:06	USA Caucasian Bethesda	0.0	0	307
DQA1*01:06	USA San Diego	0.3	0.0010	496
DQA1*01:07Q	Brazil  Puyanawa	1.3	0.0070	150
DQA1*01:07	England pop 2		0	114
DQA1*01:07	Morocco Settat Chaouya	0.0	0	98
DQA1*01:07	Netherlands pop 2	0.0	0	155
DQA1*01:07	South Korea pop 5		0	467
DQA1*01:09	Hong Kong Chinese HKBMDR HLA 11 loci	0.0	0	5,266
DQA1*01:09	Hong Kong Chinese HKBMDR. DQ and DP	0.1	0.0005	1,064
DQA1*02:01	Algeria pop 2	23.0	0.1225	106
DQA1*02:01	Argentina Buenos Aires	25.7	0.1390	466
DQA1*02:01	Argentina Chiriguano	3.6	0.0180	54
DQA1*02:01	Argentina Gran Chaco Eastern Toba		0.0150	135
DQA1*02:01	Argentina Gran Chaco Mataco Wichi		0.0110	49
DQA1*02:01	Argentina Gran Chaco Western Toba Pilaga		0.0930	19
DQA1*02:01	Argentina Mapuche		0.0290	48
DQA1*02:01	Argentina Rosario Toba	10.5	0.0520	86
DQA1*02:01	Argentina Salta Wichi pop 2	5.3	0.0260	19
DQA1*02:01	Australia Cape York Peninsula Aborigine		0.0400	103
DQA1*02:01	Azores Terceira Island		0.1790	130
DQA1*02:01	Belgium pop 2	20.7	0.1090	715
DQA1*02:01	Brazil   ParanÃ¡ Caucasian	24.3	0.1326	641
DQA1*02:01	Brazil  Puyanawa	18.0	0.0970	150
DQA1*02:01	Brazil Central Plateau Xavante		0	74
DQA1*02:01	Brazil Guarani M bya		0.0050	93
DQA1*02:01	Brazil Guarani Nandeva		0.0170	86
DQA1*02:01	Brazil Kaingang		0.0020	235
DQA1*02:01	Brazil North East Mixed		0.1200	205
DQA1*02:01	Cameroon		0.0630	126
DQA1*02:01	Cameroon Saa		0.0290	172
DQA1*02:01	Canada British Columbia Athabaskan		0.0160	62
DQA1*02:01	Chile Santiago pop 2		0.1050	124
DQA1*02:01	China Beijing and Xian		0.1170	171
DQA1*02:01	China Canton Han		0.0570	264
DQA1*02:01	China Harbin Manchu pop 2		0.0960	50
DQA1*02:01	China Hong Kong and Singapore		0.0480	135
DQA1*02:01	China pop1	23.3	0.1240	103
DQA1*02:01	China Urumqi Han		0.1020	59
DQA1*02:01	China Urumqi Kazak		0.1070	42
DQA1*02:01	China Urumqi Uyghur	33.3	0.2110	57
DQA1*02:01	China Xinjiang Province Uyghur		0.1900	92
DQA1*02:01	China Yichun		0.1840	76
DQA1*02:01	China Zhejiang Han pop 2		0.0576	833
DQA1*02:01	China, Xinjiang Uyghur Autonomous Region Han	17.1	0.0857	70
DQA1*02:01	China, Xinjiang Uyghur Autonomous Region Hui	17.5	0.0875	40
DQA1*02:01	China, Xinjiang Uyghur Autonomous Region Kazakh	19.2	0.1058	52
DQA1*02:01	China, Xinjiang Uyghur Autonomous Region Uyghur	39.4	0.2113	71
DQA1*02:01	Colombia Guajira Peninsula Wayuu		0.0270	88
DQA1*02:01	Colombia Northwest Choco		0.2000	20
DQA1*02:01	Colombia Northwest Tule		0.0170	29
DQA1*02:01	Colombia Providencia Island African		0.0330	30
DQA1*02:01	Colombia Sierra Nevada de Santa Marta Arhuaco		0.0330	107
DQA1*02:01	Colombia Sierra Nevada de Santa Marta Ijka pop 2		0.0670	30
DQA1*02:01	Colombia West Cauca		0.0500	20
DQA1*02:01	Congo Kinshasa Bantu	12.2	0.0670	90
DQA1*02:01	Cook Islands Rarotonga		0.0060	78
DQA1*02:01	Costa Rica and Panama Mestizo		0.0600	56
DQA1*02:01	Croatia Gorski Kotar Region		0.1270	63
DQA1*02:01	Croatia Krk Island		0.0380	212
DQA1*02:01	Croatia Krk Island Dobrinj		0.0710	28
DQA1*02:01	Croatia Krk Island Dubasnica		0.0430	23
DQA1*02:01	Croatia Krk Island Vrbnik		0.0360	28
DQA1*02:01	Cuba Mixed		0.2500	78
DQA1*02:01	Czech Republic		0.1710	106
DQA1*02:01	Czech Republic pop 2	36.4	0.2025	99
DQA1*02:01	Czech Republic pop 3	22.8	0.1190	180
DQA1*02:01	Czech Republic Romani	29.4	0.1597	34
DQA1*02:01	Denmark		0.1450	55
DQA1*02:01	Ecuador African		0.1030	58
DQA1*02:01	Ecuador African pop2		0.0778	45
DQA1*02:01	England pop 2		0.1670	114
DQA1*02:01	England pop 3	25.4	0.1360	61
DQA1*02:01	England pop 6	25.4	0.1330	177
DQA1*02:01	Equatorial Guinea Bioko Island Bubi		0.1200	100
DQA1*02:01	Ethiopia Amhara		0.2040	98
DQA1*02:01	Ethiopia Oromo		0.2230	83
DQA1*02:01	Fiji Viti Levu Island		0	57
DQA1*02:01	France Ceph		0.1410	124
DQA1*02:01	France Lille		0.1260	95
DQA1*02:01	France South		0.1290	350
DQA1*02:01	France West Breton		0.1560	150
DQA1*02:01	Gabon Haut-Ogooue Dienga		0.0510	167
DQA1*02:01	Gambia		0.0510	146
DQA1*02:01	Georgia Svaneti Region Svan		0.0940	80
DQA1*02:01	Germany Essen	16.7	0.0920	174
DQA1*02:01	Germany pop 3	25.2	0.1351	111
DQA1*02:01	Greece	2.0	0.0100	48
DQA1*02:01	Greece Crete		0.1260	135
DQA1*02:01	Greece pop 4		0.0610	98
DQA1*02:01	Greece pop 5		0.0800	500
DQA1*02:01	Greece pop2	12.8	0.0660	120
DQA1*02:01	Greece pop3	13.5	0.0699	246
DQA1*02:01	Hong Kong Chinese HKBMDR. DQ and DP	8.2	0.0423	1,064
DQA1*02:01	India Bombay		0.1610	59
DQA1*02:01	India Lucknow	39.2	0.2030	123
DQA1*02:01	India North pop 2		0.0690	72
DQA1*02:01	India Northeast Kayastha		0.2760	190
DQA1*02:01	India Northeast Lachung		0.2240	58
DQA1*02:01	India Northeast Mathur		0.2480	155
DQA1*02:01	India Northeast Mech		0.2850	63
DQA1*02:01	India Northeast Rajbanshi		0.2650	98
DQA1*02:01	India Northeast Rastogi		0.2370	196
DQA1*02:01	India Northeast Shia		0.1870	190
DQA1*02:01	India Northeast Sunni		0.1810	188
DQA1*02:01	India Northeast Vaish		0.2090	198
DQA1*02:01	India Uttar Pradesh		0.1830	202
DQA1*02:01	Indonesia Java Yogyakarta Region		0.1100	62
DQA1*02:01	Iran		0.2160	58
DQA1*02:01	Iran Azeri		0.0600	100
DQA1*02:01	Iran Baloch		0.0350	100
DQA1*02:01	Iran Fars Parsi		0.1100	73
DQA1*02:01	Iran Kurd		0.0800	100
DQA1*02:01	Iran Yazd Zoroastrian		0.1850	65
DQA1*02:01	Israel Arab		0.1280	109
DQA1*02:01	Israel Ashkenazi Jews		0.1270	80
DQA1*02:01	Israel Ashkenazi Jews pop 2		0.1250	132
DQA1*02:01	Israel Ethiopian Jews		0.1230	122
DQA1*02:01	Israel Iranian Jews		0.0880	101
DQA1*02:01	Israel Libyan Jews		0.2670	119
DQA1*02:01	Israel Moroccan Jews		0.1880	113
DQA1*02:01	Israel Non Ashkenazi Jews		0.1690	80
DQA1*02:01	Israel Yemenite Jews		0.2210	76
DQA1*02:01	Italy Bergamo	24.7	0.1280	101
DQA1*02:01	Italy Central		0.1540	380
DQA1*02:01	Italy North pop 3	28.9	0.1560	97
DQA1*02:01	Italy pop 2		0.1980	53
DQA1*02:01	Italy pop 3		0.1800	179
DQA1*02:01	Italy Rome	23.7	0.1180	100
DQA1*02:01	Jamaica		0.0990	132
DQA1*02:01	Japan		0	50
DQA1*02:01	Japan Fukuoka		0.0060	86
DQA1*02:01	Japan pop 11	0.0	0	62
DQA1*02:01	Japan pop 17		0.0036	3,078
DQA1*02:01	Japan pop 2		0.0080	916
DQA1*02:01	Japan pop 8		0	308
DQA1*02:01	Jordan Amman		0.2690	146
DQA1*02:01	Kenya		0.0840	144
DQA1*02:01	Kenya, Nyanza Province, Luo tribe	14.0	0.0700	100
DQA1*02:01	Kiribati		0	62
DQA1*02:01	Kosovo	12.1	0.0686	124
DQA1*02:01	Macedonia pop 5		0.0290	103
DQA1*02:01	Mexico Chiapas Lacandon Mayans		0.0069	218
DQA1*02:01	Mexico Guadalajara Mestizo		0.1020	54
DQA1*02:01	Mexico Guanajuato and Jalisco Mestizo	9.9	0.0500	101
DQA1*02:01	Mexico Highlands Mestizos	14.4	0.0720	160
DQA1*02:01	Mexico Mazatecan		0.0070	89
DQA1*02:01	Mexico Nuevo Leon Mestizo	17.5	0.0880	40
DQA1*02:01	Mexico Oaxaca Mixtec		0	103
DQA1*02:01	Mexico Oaxaca Zapotec		0.0220	90
DQA1*02:01	Mexico Sonora Seri		0.0300	34
DQA1*02:01	Mongolia Tarialan Khoton		0.0920	85
DQA1*02:01	Mongolia Ulaanbaatar Khalkha		0.0120	41
DQA1*02:01	Morocco		0.1260	96
DQA1*02:01	Morocco Atlantic Coast Chaouya		0.1800	98
DQA1*02:01	Morocco Settat Chaouya	36.0	0.1800	98
DQA1*02:01	Morocco Souss Region		0.2020	98
DQA1*02:01	Nauru		0	67
DQA1*02:01	Netherlands pop 2	14.2	0.0737	155
DQA1*02:01	New Caledonia		0.0150	65
DQA1*02:01	Nicaragua Managua	12.1	0.0645	339
DQA1*02:01	Niue		0.0140	70
DQA1*02:01	Norway		0.1200	181
DQA1*02:01	Papua New Guinea East New Britain Rabaul		0	60
DQA1*02:01	Papua New Guinea Eastern Highlands Goroka Asaro		0	57
DQA1*02:01	Papua New Guinea Highland pop2		0.0130	28
DQA1*02:01	Papua New Guinea Madang		0	65
DQA1*02:01	Paraguay AchÃ©		0	87
DQA1*02:01	Peru Quechua		0.0450	44
DQA1*02:01	Poland Lodz		0.1410	103
DQA1*02:01	Poland Wielkopolska Region		0.1170	99
DQA1*02:01	Portugal Azores Terceira Island	29.8	0.1667	130
DQA1*02:01	Portugal Center pop 2		0.1580	562
DQA1*02:01	Russia  Belgorod region	3.9	0.0196	153
DQA1*02:01	Russia Murmansk Saomi Mixed		0.0370	70
DQA1*02:01	Russia Nenet Mixed		0.1180	55
DQA1*02:01	Russia Northwest	23.1	0.1220	1,011
DQA1*02:01	Russia Northwest Slavic		0.1050	200
DQA1*02:01	Russia Siberia Chukchi		0	71
DQA1*02:01	Russia Siberia Chukotka Peninsula Chukchi		0.0200	59
DQA1*02:01	Russia Siberia Chukotka Peninsula Eskimo		0.0200	80
DQA1*02:01	Russia Siberia Dudinka Nganasan		0.1040	24
DQA1*02:01	Russia Siberia Eskimo		0.0500	70
DQA1*02:01	Russia Siberia Gvaysugi Udege		0.0200	25
DQA1*02:01	Russia Siberia Irkutsk Tofalar		0.0470	43
DQA1*02:01	Russia Siberia Khabarovsk Evenki		0.0400	25
DQA1*02:01	Russia Siberia Khanty Mansi		0.1760	68
DQA1*02:01	Russia Siberia Kushun Buryat		0.2600	25
DQA1*02:01	Russia Siberia Lower Yenisey Ket		0.1180	17
DQA1*02:01	Russia Siberia Negidal		0.0140	35
DQA1*02:01	Russia Siberia North East Kamchatka Koryak		0	92
DQA1*02:01	Russia Siberia NW of Sakhalin Island Nivkh		0	32
DQA1*02:01	Russia Siberia Polygus Evenk		0	35
DQA1*02:01	Russia Siberia Sulamai Ket		0.0400	22
DQA1*02:01	Russia Siberia Ulchi		0.0410	73
DQA1*02:01	Russia South Ural Bashkir	40.4	0.2160	146
DQA1*02:01	Russia South Ural Russian	26.1	0.1330	207
DQA1*02:01	Russia South Ural Tatar	36.3	0.1960	135
DQA1*02:01	Russia Tuva		0.0990	190
DQA1*02:01	Russia Tuva pop 2		0.0890	169
DQA1*02:01	Russia Tuva pop3		0.0450	44
DQA1*02:01	Russia Tuva Todja		0.0230	22
DQA1*02:01	Scotland Orkney	26.0	0.1340	99
DQA1*02:01	Singapore SGVP Chinese CHS		0.0850	96
DQA1*02:01	Singapore SGVP Malay MAS		0.1820	89
DQA1*02:01	Singapore SGVP. Indian INS		0.3860	86
DQA1*02:01	Slovenia	16.0	0.0834	100
DQA1*02:01	Slovenia pop 2	23.6	0.1259	140
DQA1*02:01	South Africa Worcester	18.0	0.0910	159
DQA1*02:01	South Korea pop 1		0.0560	324
DQA1*02:01	South Korea pop 2	13.0	0.0700	207
DQA1*02:01	South Korea pop 4	13.7	0.0710	211
DQA1*02:01	South Korea pop 5		0.0730	467
DQA1*02:01	Spain Arratia Valley Basque		0.3130	83
DQA1*02:01	Spain Catalonia Girona		0.2210	88
DQA1*02:01	Spain Gipuzkoa Basque		0.2600	100
DQA1*02:01	Spain Las Alpujarras		0.2883	85
DQA1*02:01	Spain Murcia		0.1750	173
DQA1*02:01	Spain Navarre Basques		0.2590	116
DQA1*02:01	Spain North Cabuerniga		0.1680	95
DQA1*02:01	Spain North Cantabria		0.2050	83
DQA1*02:01	Spain Pas Valley		0.1790	88
DQA1*02:01	Spain Valencia	27.6	0.1491	577
DQA1*02:01	Sri Lanka Colombo	36.8	0.2110	714
DQA1*02:01	Sweden		0.0860	99
DQA1*02:01	Sweden Northern Sami		0.0070	154
DQA1*02:01	Sweden Southern Sami		0.0540	130
DQA1*02:01	Taiwan		0	65
DQA1*02:01	Thailand		0.0880	142
DQA1*02:01	Thailand Kamphaeng Phet		0.0670	97
DQA1*02:01	Thailand North Dai Lue		0.0100	96
DQA1*02:01	Thailand pop 2		0.0770	124
DQA1*02:01	Tunisia	31.5	0.1720	100
DQA1*02:01	Turkey pop 1		0.0880	250
DQA1*02:01	Turkey pop 3		0.0500	50
DQA1*02:01	Uganda Baganda		0.1060	47
DQA1*02:01	United Arab Emirates  Abu Dhabi		0.1442	52
DQA1*02:01	United Kingdom pop 2		0.1450	101
DQA1*02:01	USA African American Bethesda	18.2	0.0910	187
DQA1*02:01	USA Caucasian Bethesda	24.0	0.1320	307
DQA1*02:01	USA Hawaii		0.0640	39
DQA1*02:01	USA San Diego	21.7	0.1220	496
DQA1*02:01	USA San Francisco Caucasian		0.1180	220
DQA1*02:01	USA South Dakota Sioux		0.0470	101
DQA1*02:01	Western Samoa and Tokelau		0.0200	51
DQA1*02:01	Zimbabwe Harare Shona		0.0370	230
DQA1*03:01	Argentina Mapuche		0.3820	48
DQA1*03:01	Azores Terceira Island		0.0890	130
DQA1*03:01	Brazil   ParanÃ¡ Caucasian	19.7	0.1037	641
DQA1*03:01	Brazil  Puyanawa	30.0	0.1600	150
DQA1*03:01	Cameroon		0.0040	126
DQA1*03:01	Canada British Columbia Athabaskan		0.2810	62
DQA1*03:01	Chile Santiago pop 2		0.2580	124
DQA1*03:01	China Beijing and Xian		0.2780	171
DQA1*03:01	China Canton Han		0.2670	264
DQA1*03:01	China Hong Kong and Singapore		0.2850	135
DQA1*03:01	China Urumqi Han		0.2880	59
DQA1*03:01	China Urumqi Kazak		0.2380	42
DQA1*03:01	China Xinjiang Province Uyghur		0.1470	92
DQA1*03:01	China Yichun		0.3160	76
DQA1*03:01	China Zhejiang Han pop 2		0.0630	833
DQA1*03:01	Colombia Amazon Region Coreguaje		0.7500	30
DQA1*03:01	Colombia East Amazon Region Nukak		0.2500	20
DQA1*03:01	Colombia North Eastern Plains Sikuani		0.1480	27
DQA1*03:01	Colombia Northwest Choco		0.1250	20
DQA1*03:01	Colombia Northwest Tule		0.6550	29
DQA1*03:01	Colombia Providencia Island African		0.1330	30
DQA1*03:01	Colombia Sierra Nevada de Santa Marta Ijka pop 2		0.1830	30
DQA1*03:01	Colombia Sierra Nevada de Santa Marta Kogi pop 3		0.7260	31
DQA1*03:01	Colombia West Cauca		0.1750	20
DQA1*03:01	Colombia West Embera		0.3500	20
DQA1*03:01	Colombia West Waunana		0.3500	30
DQA1*03:01	Congo Kinshasa Bantu	2.2	0.0110	90
DQA1*03:01	Cook Islands Rarotonga		0.3650	78
DQA1*03:01	Croatia Gorski Kotar Region		0.0790	63
DQA1*03:01	Croatia Krk Island		0.0570	212
DQA1*03:01	Croatia Krk Island Dobrinj		0.0360	28
DQA1*03:01	Croatia Krk Island Dubasnica		0.1520	23
DQA1*03:01	Czech Republic		0.0050	106
DQA1*03:01	Czech Republic pop 2	15.2	0.0791	99
DQA1*03:01	Czech Republic pop 3	16.1	0.0810	180
DQA1*03:01	Czech Republic Romani	26.5	0.1426	34
DQA1*03:01	Ecuador African pop2		0.0222	45
DQA1*03:01	Ecuador Cayapa pop 2		0.2059	34
DQA1*03:01	England pop 3	32.2	0.1770	61
DQA1*03:01	England pop 6	41.2	0.2370	177
DQA1*03:01	Fiji Viti Levu Island		0.2460	57
DQA1*03:01	France Lille		0.1370	95
DQA1*03:01	Gabon Haut-Ogooue Dienga		0.0750	167
DQA1*03:01	Georgia Svaneti Region Svan		0.0810	80
DQA1*03:01	Germany Essen	14.9	0.0750	174
DQA1*03:01	Germany pop 3	22.5	0.1196	111
DQA1*03:01	Greece pop 5		0.0780	500
DQA1*03:01	Greece pop2	9.7	0.0500	120
DQA1*03:01	Hong Kong Chinese HKBMDR. DQ and DP	12.1	0.0630	1,064
DQA1*03:01	India Lucknow	15.0	0.0850	123
DQA1*03:01	India North pop 2		0.0420	72
DQA1*03:01	India Northeast Kayastha		0.1550	190
DQA1*03:01	India Northeast Lachung		0.2410	58
DQA1*03:01	India Northeast Mathur		0.1290	155
DQA1*03:01	India Northeast Mech		0.1510	63
DQA1*03:01	India Northeast Rajbanshi		0.1220	98
DQA1*03:01	India Northeast Rastogi		0.1480	196
DQA1*03:01	India Northeast Shia		0.0950	190
DQA1*03:01	India Northeast Sunni		0.1120	188
DQA1*03:01	India Northeast Vaish		0.1010	198
DQA1*03:01	India Uttar Pradesh		0.1060	202
DQA1*03:01	Indonesia Java Yogyakarta Region		0.0460	62
DQA1*03:01	Iran Azeri		0.1600	100
DQA1*03:01	Iran Baloch		0.0600	100
DQA1*03:01	Iran Fars Parsi		0.0820	73
DQA1*03:01	Iran Kurd		0.1400	100
DQA1*03:01	Iran Yazd Zoroastrian		0.2080	65
DQA1*03:01	Italy Bergamo	10.0	0.0500	101
DQA1*03:01	Italy North pop 3	10.3	0.0520	97
DQA1*03:01	Italy pop 2		0.0760	53
DQA1*03:01	Italy pop 3		0.0600	179
DQA1*03:01	Italy Rome	14.5	0.0720	100
DQA1*03:01	Jamaica		0.0830	132
DQA1*03:01	Japan Hyogo	63.3	0.3630	32
DQA1*03:01	Japan pop 17		0.1104	3,078
DQA1*03:01	Japan pop 2		0.4230	916
DQA1*03:01	Japan pop 8		0.4170	308
DQA1*03:01	Jordan Amman		0.2410	146
DQA1*03:01	Kenya, Nyanza Province, Luo tribe	4.0	0.0200	100
DQA1*03:01	Kiribati		0.2020	62
DQA1*03:01	Kosovo	17.7	0.0887	124
DQA1*03:01	Macedonia pop 5		0.1600	103
DQA1*03:01	Mexico Chiapas Lacandon Mayans		0.6950	218
DQA1*03:01	Mexico Guadalajara Mestizo		0.2960	54
DQA1*03:01	Mexico Guanajuato and Jalisco Mestizo	51.5	0.2570	101
DQA1*03:01	Mexico Highlands Mestizos	51.9	0.2880	160
DQA1*03:01	Mexico Nuevo Leon Mestizo	40.0	0.2380	40
DQA1*03:01	Mexico Oaxaca Mixe		0.2910	55
DQA1*03:01	Mexico Oaxaca Mixtec		0.4000	103
DQA1*03:01	Mexico Oaxaca Zapotec		0.3830	90
DQA1*03:01	Mongolia Tarialan Khoton		0.2440	85
DQA1*03:01	Mongolia Ulaanbaatar Khalkha		0.2230	41
DQA1*03:01	Morocco Atlantic Coast Chaouya		0.1080	98
DQA1*03:01	Morocco Settat Chaouya	21.6	0.1080	98
DQA1*03:01	Morocco Souss Region		0.1420	98
DQA1*03:01	Nauru		0.1570	67
DQA1*03:01	New Caledonia		0.1620	65
DQA1*03:01	Nicaragua Managua	57.4	0.3848	339
DQA1*03:01	Niue		0.3140	70
DQA1*03:01	Norway		0.2000	181
DQA1*03:01	Papua New Guinea East New Britain Rabaul		0.1920	60
DQA1*03:01	Papua New Guinea Eastern Highlands Goroka Asaro		0.1490	57
DQA1*03:01	Papua New Guinea Madang		0.0460	65
DQA1*03:01	Poland Lodz		0.1410	103
DQA1*03:01	Poland Wielkopolska Region		0.1210	99
DQA1*03:01	Portugal Azores Terceira Island	16.7	0.0877	130
DQA1*03:01	Russia Arkhangelsk Pomor		0.2260	63
DQA1*03:01	Russia Murmansk Saomi Mixed		0.3830	70
DQA1*03:01	Russia Nenet Mixed		0.4090	55
DQA1*03:01	Russia Northwest Slavic		0.1600	200
DQA1*03:01	Russia Siberia Dudinka Nganasan		0.3960	24
DQA1*03:01	Russia Siberia Irkutsk Tofalar		0.2210	43
DQA1*03:01	Russia Siberia Khabarovsk Evenki		0.4000	25
DQA1*03:01	Russia Siberia Khanty Mansi		0.1910	68
DQA1*03:01	Russia Siberia Kushun Buryat		0.2400	25
DQA1*03:01	Russia Siberia Lower Yenisey Ket		0.1470	17
DQA1*03:01	Russia Siberia Negidal		0.5000	35
DQA1*03:01	Russia Siberia Ulchi		0.3290	73
DQA1*03:01	Russia South Ural Bashkir	28.1	0.1610	146
DQA1*03:01	Russia South Ural Russian	23.2	0.1250	207
DQA1*03:01	Russia South Ural Tatar	24.4	0.1260	135
DQA1*03:01	Russia Tuva pop3		0.1930	44
DQA1*03:01	Russia Tuva Todja		0.2050	22
DQA1*03:01	Scotland Orkney	39.4	0.2000	99
DQA1*03:01	Slovenia	11.0	0.0566	100
DQA1*03:01	Slovenia pop 2	12.9	0.0667	140
DQA1*03:01	South Africa Worcester	22.0	0.1260	159
DQA1*03:01	South Korea pop 1		0.0970	324
DQA1*03:01	South Korea pop 2	16.9	0.0870	207
DQA1*03:01	South Korea pop 4	17.5	0.0917	211
DQA1*03:01	Spain Las Alpujarras		0.1353	85
DQA1*03:01	Spain Murcia		0.1110	173
DQA1*03:01	Spain Navarre Basques		0.0850	116
DQA1*03:01	Spain Valencia	15.9	0.0829	577
DQA1*03:01	Sri Lanka Colombo	19.5	0.1020	714
DQA1*03:01	Sweden Northern Sami		0.0560	154
DQA1*03:01	Sweden Southern Sami		0.1360	130
DQA1*03:01	Taiwan		0.1850	65
DQA1*03:01	Thailand		0.0920	142
DQA1*03:01	Thailand Kamphaeng Phet		0.2060	97
DQA1*03:01	Tunisia	19.5	0.1030	100
DQA1*03:01	United Arab Emirates  Abu Dhabi		0.0577	52
DQA1*03:01	USA African American Bethesda	6.8	0.0340	187
DQA1*03:01	USA Arizona Gila River Amerindian		0.0480	492
DQA1*03:01	USA Caucasian Bethesda	18.1	0.0990	307
DQA1*03:01	USA Hawaii		0.1540	39
DQA1*03:01	USA San Diego	22.8	0.1320	496
DQA1*03:01	USA San Francisco Caucasian		0.1590	220
DQA1*03:01	Western Samoa and Tokelau		0.3530	51
DQA1*03:02	Azores Terceira Island		0.0200	130
DQA1*03:02	Brazil   ParanÃ¡ Caucasian	4.4	0.0242	641
DQA1*03:02	Brazil  Puyanawa	4.7	0.0230	150
DQA1*03:02	Cameroon		0.1110	126
DQA1*03:02	China Zhejiang Han pop 2		0.1740	833
DQA1*03:02	Congo Kinshasa Bantu	2.2	0.0110	90
DQA1*03:02	Croatia Gorski Kotar Region		0.0160	63
DQA1*03:02	Ecuador African pop2		0.0111	45
DQA1*03:02	Ecuador Cayapa pop 2		0.2059	34
DQA1*03:02	England pop 2		0.0090	114
DQA1*03:02	Germany Essen	11.5	0.0580	174
DQA1*03:02	Germany pop 3	9.0	0.0460	111
DQA1*03:02	Greece pop2	5.7	0.0290	120
DQA1*03:02	Greece pop3	2.9	0.0146	246
DQA1*03:02	Hong Kong Chinese HKBMDR. DQ and DP	26.7	0.1480	1,064
DQA1*03:02	India Lucknow	2.5	0.0140	123
DQA1*03:02	India North pop 2		0	72
DQA1*03:02	India Northeast Kayastha		0.0050	190
DQA1*03:02	India Northeast Lachung		0	58
DQA1*03:02	India Northeast Mathur		0.0070	155
DQA1*03:02	India Northeast Mech		0.0240	63
DQA1*03:02	India Northeast Rajbanshi		0.0150	98
DQA1*03:02	India Northeast Rastogi		0.0030	196
DQA1*03:02	India Northeast Shia		0.0050	190
DQA1*03:02	India Northeast Sunni		0	188
DQA1*03:02	India Northeast Vaish		0.0050	198
DQA1*03:02	India Uttar Pradesh		0.0100	202
DQA1*03:02	Italy Bergamo	4.9	0.0250	101
DQA1*03:02	Italy Central		0.0060	380
DQA1*03:02	Italy North pop 3	1.0	0.0060	97
DQA1*03:02	Italy Rome	1.3	0.0060	100
DQA1*03:02	Japan pop 17		0.1439	3,078
DQA1*03:02	Kosovo	2.4	0.0121	124
DQA1*03:02	Morocco Atlantic Coast Chaouya		0.0180	98
DQA1*03:02	Morocco Settat Chaouya	3.6	0.0180	98
DQA1*03:02	Netherlands pop 2	3.2	0.0161	155
DQA1*03:02	Portugal Azores Terceira Island	4.4	0.0219	130
DQA1*03:02	Russia  Belgorod region	1.3	0.0065	153
DQA1*03:02	Russia Arkhangelsk Pomor		0.0070	63
DQA1*03:02	Russia Murmansk Saomi Mixed		0	70
DQA1*03:02	Russia Nenet Mixed		0	55
DQA1*03:02	Slovenia	8.0	0.0408	100
DQA1*03:02	South Korea pop 1		0.0970	324
DQA1*03:02	South Korea pop 2	19.3	0.0990	207
DQA1*03:02	South Korea pop 4	17.5	0.0917	211
DQA1*03:02	South Korea pop 5		0.1040	467
DQA1*03:02	Spain Murcia		0.0120	173
DQA1*03:02	Spain Navarre Basques		0.0490	116
DQA1*03:02	Spain Valencia	2.6	0.0130	577
DQA1*03:02	Sweden Northern Sami		0.2010	154
DQA1*03:02	Sweden Southern Sami		0.1510	130
DQA1*03:02	Taiwan		0.0620	65
DQA1*03:02	Thailand		0.1230	142
DQA1*03:02	Tunisia	2.1	0.0100	100
DQA1*03:02	USA African American Bethesda	2.2	0.0170	187
DQA1*03:02	USA Caucasian Bethesda	2.3	0.0150	307
DQA1*03:02	USA San Diego	1.4	0.0080	496
DQA1*03:03	Azores Terceira Island		0.0580	130
DQA1*03:03	Brazil   ParanÃ¡ Caucasian	0.2	0.0008	641
DQA1*03:03	China Zhejiang Han pop 2		0.0696	833
DQA1*03:03	Congo Kinshasa Bantu	12.2	0.0780	90
DQA1*03:03	Croatia Gorski Kotar Region		0.0160	63
DQA1*03:03	Czech Republic		0.0090	106
DQA1*03:03	Czech Republic pop 3	5.6	0.0280	180
DQA1*03:03	Ecuador African pop2		0.0111	45
DQA1*03:03	England pop 2		0.1010	114
DQA1*03:03	Greece pop3	3.3	0.0166	246
DQA1*03:03	Hong Kong Chinese HKBMDR. DQ and DP	11.4	0.0597	1,064
DQA1*03:03	India Northeast Kayastha		0	190
DQA1*03:03	India Northeast Lachung		0	58
DQA1*03:03	India Northeast Mathur		0	155
DQA1*03:03	India Northeast Mech		0	63
DQA1*03:03	India Northeast Rajbanshi		0	98
DQA1*03:03	India Northeast Rastogi		0.0050	196
DQA1*03:03	India Northeast Shia		0.0030	190
DQA1*03:03	India Northeast Sunni		0.0050	188
DQA1*03:03	India Northeast Vaish		0	198
DQA1*03:03	Italy Bergamo	0.0	0	101
DQA1*03:03	Italy Central		0.0110	380
DQA1*03:03	Italy North pop 3	0.0	0	97
DQA1*03:03	Italy Rome	3.9	0.0200	100
DQA1*03:03	Japan pop 17		0.1657	3,078
DQA1*03:03	Kosovo	3.2	0.0161	124
DQA1*03:03	Mexico Chiapas Lacandon Mayans		0.0046	218
DQA1*03:03	Morocco Atlantic Coast Chaouya		0.0480	98
DQA1*03:03	Morocco Settat Chaouya	9.6	0.0480	98
DQA1*03:03	Netherlands pop 2	13.5	0.0699	155
DQA1*03:03	Portugal Azores Terceira Island	10.5	0.0526	130
DQA1*03:03	Russia Murmansk Saomi Mixed		0	70
DQA1*03:03	Russia Nenet Mixed		0	55
DQA1*03:03	South Africa Worcester	9.0	0.0530	159
DQA1*03:03	South Korea pop 1		0.1130	324
DQA1*03:03	South Korea pop 2	21.3	0.1160	207
DQA1*03:03	South Korea pop 4	19.0	0.1000	211
DQA1*03:03	South Korea pop 5		0.1250	467
DQA1*03:03	Spain Murcia		0.0040	173
DQA1*03:03	Spain Navarre Basques		0.0180	116
DQA1*03:03	Spain Valencia	8.1	0.0413	577
DQA1*03:03	Tunisia	4.3	0.0210	100
DQA1*03:03	United Arab Emirates  Abu Dhabi		0.0769	52
DQA1*03:03	USA African American Bethesda	14.8	0.0910	187
DQA1*03:03	USA Caucasian Bethesda	12.9	0.0730	307
DQA1*03:03	USA San Diego	3.0	0.0160	496
DQA1*04:01	Algeria pop 2	5.0	0.0253	106
DQA1*04:01	Argentina Buenos Aires	9.9	0.0500	466
DQA1*04:01	Argentina Chiriguano	26.8	0.1340	54
DQA1*04:01	Argentina Gran Chaco Eastern Toba		0.2070	135
DQA1*04:01	Argentina Gran Chaco Mataco Wichi		0.1840	49
DQA1*04:01	Argentina Gran Chaco Western Toba Pilaga		0.1260	19
DQA1*04:01	Argentina Mapuche		0.0880	48
DQA1*04:01	Argentina Rosario Toba	33.7	0.1740	86
DQA1*04:01	Argentina Salta Wichi pop 2	26.3	0.1320	19
DQA1*04:01	Azores Terceira Island		0.0510	130
DQA1*04:01	Belgium pop 2	4.3	0.0220	715
DQA1*04:01	Brazil   ParanÃ¡ Caucasian	11.4	0.0601	641
DQA1*04:01	Brazil  Puyanawa	6.7	0.0330	150
DQA1*04:01	Brazil Central Plateau Xavante		0.2650	74
DQA1*04:01	Brazil Guarani Kaiowa		0.2230	155
DQA1*04:01	Brazil Guarani M bya		0.1290	93
DQA1*04:01	Brazil Guarani Nandeva		0.2150	86
DQA1*04:01	Brazil Kaingang		0.5120	235
DQA1*04:01	Brazil North East Mixed		0.0740	205
DQA1*04:01	Brazil Ticuna		0.2650	50
DQA1*04:01	Cameroon		0.1110	126
DQA1*04:01	Cameroon Saa		0.0810	172
DQA1*04:01	Canada British Columbia Athabaskan		0.0480	62
DQA1*04:01	Chile Santiago pop 2		0.1570	124
DQA1*04:01	China Beijing and Xian		0.0090	171
DQA1*04:01	China Canton Han		0.0060	264
DQA1*04:01	China Harbin Manchu pop 2		0.0110	50
DQA1*04:01	China Hong Kong and Singapore		0.0070	135
DQA1*04:01	China pop1	1.9	0.0100	103
DQA1*04:01	China Urumqi Han		0.0080	59
DQA1*04:01	China Urumqi Kazak		0.0480	42
DQA1*04:01	China Urumqi Uyghur	1.8	0.0090	57
DQA1*04:01	China Xinjiang Province Uyghur		0.0330	92
DQA1*04:01	China Yichun		0.0100	76
DQA1*04:01	China Zhejiang Han pop 2		0.0126	833
DQA1*04:01	China, Xinjiang Uyghur Autonomous Region Han	4.3	0.0214	70
DQA1*04:01	China, Xinjiang Uyghur Autonomous Region Hui	5.0	0.0250	40
DQA1*04:01	China, Xinjiang Uyghur Autonomous Region Kazakh	5.8	0.0288	52
DQA1*04:01	China, Xinjiang Uyghur Autonomous Region Uyghur	2.8	0.0141	71
DQA1*04:01	Colombia Amazon Region Coreguaje		0.1830	30
DQA1*04:01	Colombia East Amazon Region Nukak		0.0250	20
DQA1*04:01	Colombia Guajira Peninsula Wayuu		0.0630	88
DQA1*04:01	Colombia North Eastern Plains Sikuani		0.0560	27
DQA1*04:01	Colombia Northwest Choco		0.1000	20
DQA1*04:01	Colombia Northwest Tule		0.0340	29
DQA1*04:01	Colombia Providencia Island African		0.0670	30
DQA1*04:01	Colombia Sierra Nevada de Santa Marta Arhuaco		0.4230	107
DQA1*04:01	Colombia Sierra Nevada de Santa Marta Arsario		0.1500	18
DQA1*04:01	Colombia Sierra Nevada de Santa Marta Ijka pop 2		0.6330	30
DQA1*04:01	Colombia Sierra Nevada de Santa Marta Kogi		0.1790	42
DQA1*04:01	Colombia Sierra Nevada de Santa Marta Kogi pop 3		0.1290	31
DQA1*04:01	Colombia West Cauca		0.1750	20
DQA1*04:01	Colombia West Embera		0.1000	20
DQA1*04:01	Colombia West Waunana		0.0330	30
DQA1*04:01	Congo Kinshasa Bantu	8.9	0.0560	90
DQA1*04:01	Cook Islands Rarotonga		0.0260	78
DQA1*04:01	Costa Rica and Panama Mestizo		0.0300	56
DQA1*04:01	Croatia Gorski Kotar Region		0.0710	63
DQA1*04:01	Croatia Krk Island		0.0140	212
DQA1*04:01	Croatia Krk Island Dobrinj		0.0180	28
DQA1*04:01	Croatia Krk Island Vrbnik		0.0360	28
DQA1*04:01	Cuba Mixed		0.0680	78
DQA1*04:01	Czech Republic		0.0450	106
DQA1*04:01	Czech Republic pop 2	4.0	0.0202	99
DQA1*04:01	Czech Republic pop 3	4.4	0.0220	180
DQA1*04:01	Czech Republic Romani	0.0	0	34
DQA1*04:01	Denmark		0.0270	55
DQA1*04:01	Ecuador African		0.0950	58
DQA1*04:01	Ecuador African pop2		0.4222	45
DQA1*04:01	Ecuador Cayapa		0.1750	183
DQA1*04:01	Ecuador Cayapa pop 2		0.3529	34
DQA1*04:01	England pop 3	3.4	0.0170	61
DQA1*04:01	England pop 6	3.4	0.0170	177
DQA1*04:01	Equatorial Guinea Bioko Island Bubi		0.0730	100
DQA1*04:01	Ethiopia Amhara		0.0050	98
DQA1*04:01	Ethiopia Oromo		0.0180	83
DQA1*04:01	Fiji Viti Levu Island		0	57
DQA1*04:01	France Ceph		0.0360	124
DQA1*04:01	France Lille		0.0370	95
DQA1*04:01	France South		0.0290	350
DQA1*04:01	France West Breton		0.0330	150
DQA1*04:01	Gabon Haut-Ogooue Dienga		0.0090	167
DQA1*04:01	Gambia		0.0650	146
DQA1*04:01	Georgia Svaneti Region Svan		0.0750	80
DQA1*04:01	Germany Essen	6.9	0.0350	174
DQA1*04:01	Germany pop 3	6.3	0.0320	111
DQA1*04:01	Greece Crete		0.0110	135
DQA1*04:01	Greece pop 4		0.0100	98
DQA1*04:01	Greece pop 5		0.0030	500
DQA1*04:01	Greece pop2	2.4	0.0120	120
DQA1*04:01	Greece pop3	0.4	0.0020	246
DQA1*04:01	Hong Kong Chinese HKBMDR. DQ and DP	2.2	0.0117	1,064
DQA1*04:01	India Bombay		0.0170	59
DQA1*04:01	India Lucknow	1.7	0.0080	123
DQA1*04:01	India North pop 2		0.0140	72
DQA1*04:01	India Northeast Kayastha		0.0240	190
DQA1*04:01	India Northeast Lachung		0.0170	58
DQA1*04:01	India Northeast Mathur		0.0090	155
DQA1*04:01	India Northeast Mech		0.0160	63
DQA1*04:01	India Northeast Rajbanshi		0.0150	98
DQA1*04:01	India Northeast Rastogi		0.0150	196
DQA1*04:01	India Northeast Shia		0.0370	190
DQA1*04:01	India Northeast Sunni		0.0190	188
DQA1*04:01	India Northeast Vaish		0.0150	198
DQA1*04:01	India Uttar Pradesh		0.0170	202
DQA1*04:01	Indonesia Java Yogyakarta Region		0	62
DQA1*04:01	Iran Azeri		0.0100	100
DQA1*04:01	Iran Baloch		0.0450	100
DQA1*04:01	Iran Fars Parsi		0.0070	73
DQA1*04:01	Iran Kurd		0.0050	100
DQA1*04:01	Iran Yazd Zoroastrian		0.0460	65
DQA1*04:01	Israel Arab		0.0090	109
DQA1*04:01	Israel Ashkenazi Jews		0.0220	80
DQA1*04:01	Israel Ashkenazi Jews pop 2		0.0040	132
DQA1*04:01	Israel Ethiopian Jews		0.0040	122
DQA1*04:01	Israel Iranian Jews		0	101
DQA1*04:01	Israel Libyan Jews		0	119
DQA1*04:01	Israel Moroccan Jews		0.0050	113
DQA1*04:01	Israel Non Ashkenazi Jews		0.0070	80
DQA1*04:01	Israel Yemenite Jews		0.0070	76
DQA1*04:01	Italy Bergamo	4.9	0.0250	101
DQA1*04:01	Italy Central		0.0190	380
DQA1*04:01	Italy North pop 3	6.2	0.0320	97
DQA1*04:01	Italy pop 2		0.0190	53
DQA1*04:01	Italy pop 3		0.0400	179
DQA1*04:01	Italy Rome	7.9	0.0390	100
DQA1*04:01	Jamaica		0.1480	132
DQA1*04:01	Japan		0.0200	50
DQA1*04:01	Japan Fukuoka		0.0120	86
DQA1*04:01	Japan Hokkaido Wajin	2.8	0.0141	71
DQA1*04:01	Japan Hyogo	13.3	0.0790	32
DQA1*04:01	Japan Nagano	1.8	0.0090	57
DQA1*04:01	Japan pop 11	1.6	0.0080	62
DQA1*04:01	Japan pop 17		0.0283	3,078
DQA1*04:01	Japan pop 2		0.0310	916
DQA1*04:01	Japan pop 8		0.0360	308
DQA1*04:01	Kenya		0.1090	144
DQA1*04:01	Kenya, Nyanza Province, Luo tribe	27.0	0.1350	100
DQA1*04:01	Kiribati		0	62
DQA1*04:01	Kosovo	4.0	0.0202	124
DQA1*04:01	Macedonia pop 5		0	103
DQA1*04:01	Mexico Chiapas Lacandon Mayans		0.0711	218
DQA1*04:01	Mexico Guadalajara Mestizo		0.1300	54
DQA1*04:01	Mexico Guanajuato and Jalisco Mestizo	30.7	0.1530	101
DQA1*04:01	Mexico Highlands Mestizos	28.1	0.1500	160
DQA1*04:01	Mexico Mayan		0.0330	16
DQA1*04:01	Mexico Mayan pop 2		0.0120	163
DQA1*04:01	Mexico Mazatecan		0.1330	89
DQA1*04:01	Mexico Nuevo Leon Mestizo	17.5	0.0880	40
DQA1*04:01	Mexico Oaxaca Mixe		0.2640	55
DQA1*04:01	Mexico Oaxaca Mixtec		0.1900	103
DQA1*04:01	Mexico Oaxaca Zapotec		0.2170	90
DQA1*04:01	Mexico Sonora Seri		0.3030	34
DQA1*04:01	Mongolia Tarialan Khoton		0.0350	85
DQA1*04:01	Mongolia Ulaanbaatar Khalkha		0.0670	41
DQA1*04:01	Morocco		0.0400	96
DQA1*04:01	Morocco Atlantic Coast Chaouya		0.0120	98
DQA1*04:01	Morocco Settat Chaouya	2.4	0.0120	98
DQA1*04:01	Morocco Souss Region		0.0410	98
DQA1*04:01	Nauru		0.0300	67
DQA1*04:01	New Caledonia		0.0080	65
DQA1*04:01	Nicaragua Managua	9.0	0.0488	339
DQA1*04:01	Niue		0.0500	70
DQA1*04:01	Norway		0.0400	181
DQA1*04:01	Papua New Guinea East New Britain Rabaul		0	60
DQA1*04:01	Papua New Guinea Eastern Highlands Goroka Asaro		0	57
DQA1*04:01	Papua New Guinea Highland pop2		0	28
DQA1*04:01	Papua New Guinea Madang		0	65
DQA1*04:01	Paraguay AchÃ©		0.1150	87
DQA1*04:01	Peru Quechua		0.1360	44
DQA1*04:01	Poland Lodz		0.0100	103
DQA1*04:01	Poland Wielkopolska Region		0.0450	99
DQA1*04:01	Portugal Azores Terceira Island	10.5	0.0526	130
DQA1*04:01	Portugal Center pop 2		0.0180	562
DQA1*04:01	Russia Arkhangelsk Pomor		0.0340	63
DQA1*04:01	Russia Murmansk Saomi Mixed		0.0620	70
DQA1*04:01	Russia Nenet Mixed		0.0450	55
DQA1*04:01	Russia Northwest	7.7	0.0390	1,011
DQA1*04:01	Russia Northwest Slavic		0.0450	200
DQA1*04:01	Russia Siberia Chukchi		0.1160	71
DQA1*04:01	Russia Siberia Chukotka Peninsula Chukchi		0.2300	59
DQA1*04:01	Russia Siberia Chukotka Peninsula Eskimo		0.2700	80
DQA1*04:01	Russia Siberia Dudinka Nganasan		0.0210	24
DQA1*04:01	Russia Siberia Eskimo		0.1210	70
DQA1*04:01	Russia Siberia Gvaysugi Udege		0.2100	25
DQA1*04:01	Russia Siberia Irkutsk Tofalar		0.0930	43
DQA1*04:01	Russia Siberia Khabarovsk Evenki		0.1400	25
DQA1*04:01	Russia Siberia Khanty Mansi		0.0370	68
DQA1*04:01	Russia Siberia Kushun Buryat		0.0200	25
DQA1*04:01	Russia Siberia Lower Yenisey Ket		0.1180	17
DQA1*04:01	Russia Siberia Negidal		0.0710	35
DQA1*04:01	Russia Siberia North East Kamchatka Koryak		0.1500	92
DQA1*04:01	Russia Siberia NW of Sakhalin Island Nivkh		0.1600	32
DQA1*04:01	Russia Siberia Polygus Evenk		0.1900	35
DQA1*04:01	Russia Siberia Sulamai Ket		0.1500	22
DQA1*04:01	Russia Siberia Ulchi		0.0210	73
DQA1*04:01	Russia Tuva		0.0410	190
DQA1*04:01	Russia Tuva pop 2		0.0440	169
DQA1*04:01	Russia Tuva pop3		0.0450	44
DQA1*04:01	Russia Tuva Todja		0.0450	22
DQA1*04:01	Scotland Orkney	3.9	0.0190	99
DQA1*04:01	Slovenia	3.0	0.0151	100
DQA1*04:01	Slovenia pop 2	7.1	0.0361	140
DQA1*04:01	South Africa Worcester	8.0	0.0410	159
DQA1*04:01	South Korea pop 1		0.0120	324
DQA1*04:01	South Korea pop 2	4.3	0.0220	207
DQA1*04:01	South Korea pop 4	2.8	0.0141	211
DQA1*04:01	Spain Catalonia Girona		0.0180	88
DQA1*04:01	Spain Gipuzkoa Basque		0.0200	100
DQA1*04:01	Spain Las Alpujarras		0.0059	85
DQA1*04:01	Spain Murcia		0.0200	173
DQA1*04:01	Spain Navarre Basques		0.0180	116
DQA1*04:01	Spain North Cabuerniga		0.0050	95
DQA1*04:01	Spain North Cantabria		0.0120	83
DQA1*04:01	Spain Pas Valley		0.0160	88
DQA1*04:01	Spain Valencia	6.2	0.0315	577
DQA1*04:01	Sri Lanka Colombo	1.1	0.0060	714
DQA1*04:01	Sweden		0.0450	99
DQA1*04:01	Sweden Northern Sami		0.2290	154
DQA1*04:01	Sweden Southern Sami		0.0740	130
DQA1*04:01	Taiwan		0.0310	65
DQA1*04:01	Thailand		0.0040	142
DQA1*04:01	Thailand Kamphaeng Phet		0.0050	97
DQA1*04:01	Thailand North Dai Lue		0	96
DQA1*04:01	Tunisia	3.2	0.0160	100
DQA1*04:01	Turkey pop 1		0.0240	250
DQA1*04:01	Turkey pop 3		0.0100	50
DQA1*04:01	Uganda Baganda		0.0850	47
DQA1*04:01	United Arab Emirates  Abu Dhabi		0.0192	52
DQA1*04:01	USA African American Bethesda	17.0	0.0850	187
DQA1*04:01	USA Arizona Gila River Amerindian		0.0600	492
DQA1*04:01	USA Arizona Pima pop2		0.0290	18
DQA1*04:01	USA Caucasian Bethesda	5.2	0.0260	307
DQA1*04:01	USA New Mexico Canoncito Navajo		0.4250	42
DQA1*04:01	USA New Mexico Zuni		0.1900	51
DQA1*04:01	USA San Diego	6.3	0.0320	496
DQA1*04:01	USA San Francisco Caucasian		0.0340	220
DQA1*04:01	USA South Dakota Sioux		0.0680	101
DQA1*04:01	Venezuela Sierra de Perija Yucpa		0.1250	73
DQA1*04:01	Western Samoa and Tokelau		0.0100	51
DQA1*04:01	Zimbabwe Harare Shona		0.1110	230
DQA1*04:02	Czech Republic pop 3	1.1	0.0060	180
DQA1*04:02	Ecuador African pop2		0.0444	45
DQA1*04:02	Ecuador Cayapa pop 2		0.0147	34
DQA1*04:02	England pop 2		0	114
DQA1*04:02	India North pop 2		0	72
DQA1*04:02	India Northeast Kayastha		0.0050	190
DQA1*04:02	India Northeast Lachung		0.0080	58
DQA1*04:02	India Northeast Mathur		0	155
DQA1*04:02	India Northeast Mech		0.1350	63
DQA1*04:02	India Northeast Rajbanshi		0	98
DQA1*04:02	India Northeast Rastogi		0	196
DQA1*04:02	India Northeast Shia		0	190
DQA1*04:02	India Northeast Sunni		0	188
DQA1*04:02	India Northeast Vaish		0	198
DQA1*04:02	Morocco Settat Chaouya	0.0	0	98
DQA1*04:02	Netherlands pop 2	0.0	0	155
DQA1*04:02	Russia  Belgorod region	1.3	0.0065	153
DQA1*04:02	South Korea pop 5		0	467
DQA1*04:02	USA San Diego	0.3	0.0010	496
DQA1*04:03N	England pop 2		0	114
DQA1*04:03N	Morocco Settat Chaouya	0.0	0	98
DQA1*04:03N	Netherlands pop 2	0.0	0	155
DQA1*04:03N	South Korea pop 5		0	467
DQA1*04:04	England pop 2		0	114
DQA1*04:04	Morocco Settat Chaouya	0.0	0	98
DQA1*04:04	Netherlands pop 2	0.0	0	155
DQA1*04:04	South Korea pop 5		0	467
DQA1*05:01	Algeria pop 2	47.0	0.2719	106
DQA1*05:01	Argentina Chiriguano	89.3	0.5980	54
DQA1*05:01	Argentina Gran Chaco Eastern Toba		0.4100	135
DQA1*05:01	Argentina Gran Chaco Mataco Wichi		0.4600	49
DQA1*05:01	Argentina Gran Chaco Western Toba Pilaga		0.4060	19
DQA1*05:01	Argentina Mapuche		0.3820	48
DQA1*05:01	Argentina Salta Wichi pop 2	63.2	0.3950	19
DQA1*05:01	Australia Cape York Peninsula Aborigine		0.1310	103
DQA1*05:01	Australia Kimberly Aborigine		0.3050	41
DQA1*05:01	Azores Terceira Island		0.1130	130
DQA1*05:01	Brazil   ParanÃ¡ Caucasian	18.7	0.1147	641
DQA1*05:01	Brazil  Puyanawa	12.7	0.0700	150
DQA1*05:01	Brazil Central Plateau Xavante		0.6140	74
DQA1*05:01	Brazil Guarani Kaiowa		0.5480	155
DQA1*05:01	Brazil Guarani M bya		0.5480	93
DQA1*05:01	Brazil Guarani Nandeva		0.5930	86
DQA1*05:01	Brazil Kaingang		0.1800	235
DQA1*05:01	Brazil North East Mixed		0.2070	205
DQA1*05:01	Brazil Ticuna		0.2760	50
DQA1*05:01	Cameroon		0.1580	126
DQA1*05:01	Cameroon Saa		0.1370	172
DQA1*05:01	Canada British Columbia Athabaskan		0.4760	62
DQA1*05:01	Chile Santiago pop 2		0.1690	124
DQA1*05:01	China Beijing and Xian		0.1810	171
DQA1*05:01	China Canton Han		0.1840	264
DQA1*05:01	China Harbin Manchu pop 2		0.1380	50
DQA1*05:01	China Hong Kong and Singapore		0.1520	135
DQA1*05:01	China Urumqi Han		0.1780	59
DQA1*05:01	China Urumqi Kazak		0.2980	42
DQA1*05:01	China Xinjiang Province Uyghur		0.2070	92
DQA1*05:01	China Yichun		0.1220	76
DQA1*05:01	China Zhejiang Han pop 2		0.0618	833
DQA1*05:01	China, Xinjiang Uyghur Autonomous Region Han	32.9	0.1714	70
DQA1*05:01	China, Xinjiang Uyghur Autonomous Region Hui	30.0	0.1500	40
DQA1*05:01	China, Xinjiang Uyghur Autonomous Region Kazakh	48.1	0.2885	52
DQA1*05:01	China, Xinjiang Uyghur Autonomous Region Uyghur	43.7	0.2465	71
DQA1*05:01	Colombia Amazon Region Coreguaje		0.0670	30
DQA1*05:01	Colombia East Amazon Region Nukak		0.7250	20
DQA1*05:01	Colombia Guajira Peninsula Wayuu		0.2700	88
DQA1*05:01	Colombia North Eastern Plains Sikuani		0.7780	27
DQA1*05:01	Colombia Northwest Choco		0.2000	20
DQA1*05:01	Colombia Northwest Tule		0.2930	29
DQA1*05:01	Colombia Providencia Island African		0.1830	30
DQA1*05:01	Colombia Sierra Nevada de Santa Marta Arhuaco		0.1380	107
DQA1*05:01	Colombia Sierra Nevada de Santa Marta Arsario		0.3500	18
DQA1*05:01	Colombia Sierra Nevada de Santa Marta Ijka pop 2		0.0500	30
DQA1*05:01	Colombia Sierra Nevada de Santa Marta Kogi		0.1340	42
DQA1*05:01	Colombia Sierra Nevada de Santa Marta Kogi pop 3		0.1450	31
DQA1*05:01	Colombia West Cauca		0.2250	20
DQA1*05:01	Colombia West Embera		0.5500	20
DQA1*05:01	Colombia West Waunana		0.6170	30
DQA1*05:01	Congo Kinshasa Bantu	25.6	0.1390	90
DQA1*05:01	Cook Islands Rarotonga		0.3720	78
DQA1*05:01	Costa Rica and Panama Mestizo		0.4700	56
DQA1*05:01	Croatia Gorski Kotar Region		0.2780	63
DQA1*05:01	Croatia Krk Island		0.3730	212
DQA1*05:01	Croatia Krk Island Dobrinj		0.3040	28
DQA1*05:01	Croatia Krk Island Dubasnica		0.3040	23
DQA1*05:01	Croatia Krk Island Vrbnik		0.5180	28
DQA1*05:01	Czech Republic		0.2620	106
DQA1*05:01	Czech Republic pop 2	53.5	0.3180	99
DQA1*05:01	Czech Republic pop 3	16.7	0.0920	180
DQA1*05:01	Czech Republic Romani	26.5	0.1426	34
DQA1*05:01	Denmark		0.1450	55
DQA1*05:01	Ecuador African		0.2070	58
DQA1*05:01	Ecuador African pop2		0.0111	45
DQA1*05:01	Ecuador Cayapa		0.2320	183
DQA1*05:01	Ecuador Cayapa pop 2		0.0588	34
DQA1*05:01	England pop 3	45.8	0.2970	61
DQA1*05:01	England pop 6	38.4	0.2200	177
DQA1*05:01	Ethiopia Amhara		0.2090	98
DQA1*05:01	Ethiopia Oromo		0.1810	83
DQA1*05:01	Fiji Viti Levu Island		0.3950	57
DQA1*05:01	France Ceph		0.2210	124
DQA1*05:01	France Lille		0.3210	95
DQA1*05:01	France South		0.2430	350
DQA1*05:01	Gabon Haut-Ogooue Dienga		0.1770	167
DQA1*05:01	Gambia		0.4010	146
DQA1*05:01	Georgia Svaneti Region Svan		0.3380	80
DQA1*05:01	Germany Essen	46.0	0.2620	174
DQA1*05:01	Germany pop 3	45.9	0.2644	111
DQA1*05:01	Greece	69.0	0.4270	48
DQA1*05:01	Greece Crete		0.3470	135
DQA1*05:01	Greece pop 4		0.3780	98
DQA1*05:01	Greece pop 5		0.0680	500
DQA1*05:01	Greece pop2	63.4	0.3950	120
DQA1*05:01	Greece pop3	61.9	0.3827	246
DQA1*05:01	Hong Kong Chinese HKBMDR. DQ and DP	12.7	0.0663	1,064
DQA1*05:01	India Bombay		0.1610	59
DQA1*05:01	India Lucknow	35.0	0.1860	123
DQA1*05:01	India North pop 2		0.2150	72
DQA1*05:01	India Northeast Kayastha		0.1390	190
DQA1*05:01	India Northeast Lachung		0.1120	58
DQA1*05:01	India Northeast Mathur		0.1130	155
DQA1*05:01	India Northeast Mech		0.0240	63
DQA1*05:01	India Northeast Rajbanshi		0.1420	98
DQA1*05:01	India Northeast Rastogi		0.1220	196
DQA1*05:01	India Northeast Shia		0.1290	190
DQA1*05:01	India Northeast Sunni		0.1670	188
DQA1*05:01	India Northeast Vaish		0.1660	198
DQA1*05:01	India Uttar Pradesh		0.1900	202
DQA1*05:01	Indonesia Java Yogyakarta Region		0.0200	62
DQA1*05:01	Iran Azeri		0.3800	100
DQA1*05:01	Iran Baloch		0.3550	100
DQA1*05:01	Iran Fars Parsi		0.3490	73
DQA1*05:01	Iran Kurd		0.3950	100
DQA1*05:01	Iran Yazd Zoroastrian		0.2150	65
DQA1*05:01	Israel Ashkenazi Jews pop 2		0.2880	132
DQA1*05:01	Israel Moroccan Jews		0.2560	113
DQA1*05:01	Italy Bergamo	19.8	0.1000	101
DQA1*05:01	Italy Central		0.4080	380
DQA1*05:01	Italy North pop 3	14.4	0.0730	97
DQA1*05:01	Italy pop 2		0.3680	53
DQA1*05:01	Italy pop 3		0.3300	179
DQA1*05:01	Italy Rome	27.6	0.1510	100
DQA1*05:01	Jamaica		0.1970	132
DQA1*05:01	Japan		0.0800	50
DQA1*05:01	Japan Fukuoka		0.0700	86
DQA1*05:01	Japan pop 11	16.1	0.0840	62
DQA1*05:01	Japan pop 17		0.0007	3,078
DQA1*05:01	Japan pop 2		0.0870	916
DQA1*05:01	Japan pop 8		0.0910	308
DQA1*05:01	Jordan Amman		0.1720	146
DQA1*05:01	Kenya, Nyanza Province, Luo tribe	47.0	0.2800	100
DQA1*05:01	Kiribati		0.0240	62
DQA1*05:01	Kosovo	15.3	0.0766	124
DQA1*05:01	Macedonia pop 5		0.3250	103
DQA1*05:01	Mexico Chiapas Lacandon Mayans		0.0046	218
DQA1*05:01	Mexico Guadalajara Mestizo		0.2220	54
DQA1*05:01	Mexico Guanajuato and Jalisco Mestizo	72.3	0.3610	101
DQA1*05:01	Mexico Highlands Mestizos	46.9	0.2720	160
DQA1*05:01	Mexico Mayan		0.2330	16
DQA1*05:01	Mexico Mayan pop 2		0.1940	163
DQA1*05:01	Mexico Nuevo Leon Mestizo	62.5	0.3630	40
DQA1*05:01	Mexico Oaxaca Mixe		0.4360	55
DQA1*05:01	Mexico Oaxaca Mixtec		0.3020	103
DQA1*05:01	Mexico Oaxaca Zapotec		0.3000	90
DQA1*05:01	Mexico Sonora Seri		0.1820	34
DQA1*05:01	Morocco Atlantic Coast Chaouya		0.1260	98
DQA1*05:01	Morocco Settat Chaouya	25.2	0.1260	98
DQA1*05:01	Morocco Souss Region		0.2860	98
DQA1*05:01	Nauru		0.0820	67
DQA1*05:01	New Caledonia		0.3310	65
DQA1*05:01	Nicaragua Managua	36.7	0.2051	339
DQA1*05:01	Niue		0.3780	70
DQA1*05:01	Norway		0.2200	181
DQA1*05:01	Papua New Guinea East New Britain Rabaul		0.3830	60
DQA1*05:01	Papua New Guinea Eastern Highlands Goroka Asaro		0.0610	57
DQA1*05:01	Papua New Guinea Highland pop2		0.0700	28
DQA1*05:01	Papua New Guinea Madang		0.5230	65
DQA1*05:01	Paraguay AchÃ©		0.1380	87
DQA1*05:01	Peru Quechua		0.2840	44
DQA1*05:01	Poland Lodz		0.2470	103
DQA1*05:01	Poland Wielkopolska Region		0.2170	99
DQA1*05:01	Portugal Azores Terceira Island	21.1	0.1096	130
DQA1*05:01	Portugal Center pop 2		0.2120	562
DQA1*05:01	Russia Arkhangelsk Pomor		0.1990	63
DQA1*05:01	Russia Murmansk Saomi Mixed		0.1790	70
DQA1*05:01	Russia Nenet Mixed		0.2550	55
DQA1*05:01	Russia Northwest Slavic		0.2650	200
DQA1*05:01	Russia Siberia Chukchi		0.3550	71
DQA1*05:01	Russia Siberia Chukotka Peninsula Chukchi		0.1900	59
DQA1*05:01	Russia Siberia Chukotka Peninsula Eskimo		0.2600	80
DQA1*05:01	Russia Siberia Dudinka Nganasan		0.3540	24
DQA1*05:01	Russia Siberia Eskimo		0.2860	70
DQA1*05:01	Russia Siberia Gvaysugi Udege		0.2100	25
DQA1*05:01	Russia Siberia Irkutsk Tofalar		0.3260	43
DQA1*05:01	Russia Siberia Khabarovsk Evenki		0.1800	25
DQA1*05:01	Russia Siberia Khanty Mansi		0.2130	68
DQA1*05:01	Russia Siberia Kushun Buryat		0.1200	25
DQA1*05:01	Russia Siberia Lower Yenisey Ket		0.2940	17
DQA1*05:01	Russia Siberia Negidal		0.2290	35
DQA1*05:01	Russia Siberia North East Kamchatka Koryak		0.1700	92
DQA1*05:01	Russia Siberia NW of Sakhalin Island Nivkh		0.1400	32
DQA1*05:01	Russia Siberia Polygus Evenk		0.1400	35
DQA1*05:01	Russia Siberia Sulamai Ket		0.3000	22
DQA1*05:01	Russia Siberia Ulchi		0.3840	73
DQA1*05:01	Russia Tuva		0.2590	190
DQA1*05:01	Russia Tuva pop 2		0.2600	169
DQA1*05:01	Russia Tuva pop3		0.2390	44
DQA1*05:01	Russia Tuva Todja		0.2950	22
DQA1*05:01	Scotland Orkney	35.6	0.1850	99
DQA1*05:01	Slovenia pop 2	53.6	0.3188	140
DQA1*05:01	South Africa Worcester	31.0	0.1730	159
DQA1*05:01	South Korea pop 1		0.0310	324
DQA1*05:01	South Korea pop 4	4.7	0.0237	211
DQA1*05:01	Spain Catalonia Girona		0.2640	88
DQA1*05:01	Spain Gipuzkoa Basque		0.2700	100
DQA1*05:01	Spain Las Alpujarras		0.1706	85
DQA1*05:01	Spain Murcia		0.2820	173
DQA1*05:01	Spain Navarre Basques		0.1920	116
DQA1*05:01	Spain Valencia	20.8	0.1100	577
DQA1*05:01	Sri Lanka Colombo	16.5	0.0850	714
DQA1*05:01	Sweden		0.2270	99
DQA1*05:01	Sweden Northern Sami		0.2120	154
DQA1*05:01	Sweden Southern Sami		0.1670	130
DQA1*05:01	Taiwan		0.2770	65
DQA1*05:01	Thailand		0.1370	142
DQA1*05:01	Thailand Kamphaeng Phet		0.1030	97
DQA1*05:01	Thailand North Dai Lue		0.1090	96
DQA1*05:01	Thailand pop 2		0.1490	124
DQA1*05:01	Tunisia	31.5	0.1720	100
DQA1*05:01	Turkey pop 1		0.3340	250
DQA1*05:01	Turkey pop 3		0.2900	50
DQA1*05:01	Uganda Baganda		0.1170	47
DQA1*05:01	United Arab Emirates  Abu Dhabi		0.1538	52
DQA1*05:01	USA African American Bethesda	34.1	0.1880	187
DQA1*05:01	USA Arizona Gila River Amerindian		0.8890	492
DQA1*05:01	USA Arizona Pima pop2		0.9410	18
DQA1*05:01	USA Caucasian Bethesda	40.9	0.2340	307
DQA1*05:01	USA Hawaii		0.3210	39
DQA1*05:01	USA New Mexico Canoncito Navajo		0.4880	42
DQA1*05:01	USA New Mexico Zuni		0.5800	51
DQA1*05:01	USA San Diego	29.4	0.1520	496
DQA1*05:01	USA San Francisco Caucasian		0.2610	220
DQA1*05:01	USA South Dakota Sioux		0.2860	101
DQA1*05:01	Venezuela Sierra de Perija Yucpa		0.1250	73
DQA1*05:01	Western Samoa and Tokelau		0.3140	51
DQA1*05:01	Zimbabwe Harare Shona		0.1830	230
DQA1*05:02	Brazil Guarani M bya		0	93
DQA1*05:02	Brazil Kaingang		0	235
DQA1*05:02	Brazil North East Mixed		0.0040	205
DQA1*05:02	Cameroon Saa		0.0060	172
DQA1*05:02	Congo Kinshasa Bantu	0.0	0	90
DQA1*05:02	Ecuador African pop2		0.0444	45
DQA1*05:02	England pop 2		0	114
DQA1*05:02	India North pop 2		0	72
DQA1*05:02	India Northeast Kayastha		0	190
DQA1*05:02	India Northeast Lachung		0	58
DQA1*05:02	India Northeast Mathur		0.0030	155
DQA1*05:02	India Northeast Mech		0	63
DQA1*05:02	India Northeast Rajbanshi		0	98
DQA1*05:02	India Northeast Rastogi		0.0080	196
DQA1*05:02	India Northeast Shia		0.0260	190
DQA1*05:02	India Northeast Sunni		0.0500	188
DQA1*05:02	India Northeast Vaish		0	198
DQA1*05:02	Italy Bergamo	0.0	0	101
DQA1*05:02	Italy North pop 3	0.0	0	97
DQA1*05:02	Italy Rome	0.0	0	100
DQA1*05:02	Mexico Highlands Mestizos	0.0	0	160
DQA1*05:02	Mexico Nuevo Leon Mestizo	0.0	0	40
DQA1*05:02	Mongolia Tarialan Khoton		0.1000	85
DQA1*05:02	Mongolia Ulaanbaatar Khalkha		0.1460	41
DQA1*05:02	Morocco Settat Chaouya	0.0	0	98
DQA1*05:02	Netherlands pop 2	0.0	0	155
DQA1*05:02	Poland Wielkopolska Region		0.0050	99
DQA1*05:02	Russia Arkhangelsk Pomor		0	63
DQA1*05:02	Russia Murmansk Saomi Mixed		0	70
DQA1*05:02	Russia Nenet Mixed		0	55
DQA1*05:02	Russia Tuva		0.0030	190
DQA1*05:02	South Africa Worcester	3.0	0.0130	159
DQA1*05:02	South Korea pop 5		0	467
DQA1*05:02	Spain Murcia		0	173
DQA1*05:02	USA African American Bethesda	3.4	0.0170	187
DQA1*05:02	USA Arizona Gila River Pima		0.0084	3,000
DQA1*05:02	USA Caucasian Bethesda	0.0	0	307
DQA1*05:02	USA San Diego	0.3	0.0010	496
DQA1*05:02	Zimbabwe Harare Shona		0.0040	230
DQA1*05:03	Brazil   ParanÃ¡ Caucasian	2.7	0.0133	641
DQA1*05:03	Brazil  Puyanawa	11.3	0.0570	150
DQA1*05:03	Brazil Guarani M bya		0	93
DQA1*05:03	Brazil Kaingang		0	235
DQA1*05:03	Brazil North East Mixed		0	205
DQA1*05:03	China Zhejiang Han pop 2		0.0132	833
DQA1*05:03	Congo Kinshasa Bantu	0.0	0	90
DQA1*05:03	Ecuador African pop2		0.0222	45
DQA1*05:03	Ecuador Cayapa pop 2		0.0441	34
DQA1*05:03	England pop 2		0	114
DQA1*05:03	Greece Crete		0.0040	135
DQA1*05:03	Hong Kong Chinese HKBMDR. DQ and DP	2.2	0.0108	1,064
DQA1*05:03	India Northeast Kayastha		0.0050	190
DQA1*05:03	India Northeast Lachung		0	58
DQA1*05:03	India Northeast Mathur		0.0030	155
DQA1*05:03	India Northeast Mech		0	63
DQA1*05:03	India Northeast Rajbanshi		0	98
DQA1*05:03	India Northeast Rastogi		0.0080	196
DQA1*05:03	India Northeast Shia		0.0050	190
DQA1*05:03	India Northeast Sunni		0	188
DQA1*05:03	India Northeast Vaish		0	198
DQA1*05:03	Italy Bergamo	0.0	0	101
DQA1*05:03	Italy North pop 3	0.0	0	97
DQA1*05:03	Italy Rome	1.3	0.0060	100
DQA1*05:03	Japan pop 17		0.0277	3,078
DQA1*05:03	Mexico Chiapas Lacandon Mayans		0.0872	218
DQA1*05:03	Mexico Highlands Mestizos	0.0	0	160
DQA1*05:03	Mexico Nuevo Leon Mestizo	0.0	0	40
DQA1*05:03	Morocco Atlantic Coast Chaouya		0.0120	98
DQA1*05:03	Morocco Settat Chaouya	2.4	0.0120	98
DQA1*05:03	Netherlands pop 2	0.6	0.0030	155
DQA1*05:03	Russia  Belgorod region	1.3	0.0065	153
DQA1*05:03	South Korea pop 1		0.0280	324
DQA1*05:03	South Korea pop 2	3.9	0.0190	207
DQA1*05:03	South Korea pop 4	5.7	0.0289	211
DQA1*05:03	South Korea pop 5		0.0120	467
DQA1*05:03	Spain Murcia		0	173
DQA1*05:03	USA African American Bethesda	0.0	0	187
DQA1*05:03	USA Caucasian Bethesda	0.6	0.0030	307
DQA1*05:03	USA San Diego	1.1	0.0050	496
DQA1*05:04	Brazil Guarani M bya		0	93
DQA1*05:04	Brazil Kaingang		0	235
DQA1*05:04	Brazil North East Mixed		0	205
DQA1*05:04	Congo Kinshasa Bantu	0.0	0	90
DQA1*05:04	England pop 2		0	114
DQA1*05:04	India Northeast Kayastha		0	190
DQA1*05:04	India Northeast Lachung		0	58
DQA1*05:04	India Northeast Mathur		0	155
DQA1*05:04	India Northeast Mech		0	63
DQA1*05:04	India Northeast Rajbanshi		0	98
DQA1*05:04	India Northeast Rastogi		0	196
DQA1*05:04	India Northeast Shia		0	190
DQA1*05:04	India Northeast Sunni		0.0020	188
DQA1*05:04	India Northeast Vaish		0	198
DQA1*05:04	Italy Bergamo	0.0	0	101
DQA1*05:04	Italy North pop 3	0.0	0	97
DQA1*05:04	Italy Rome	0.0	0	100
DQA1*05:04	Mexico Highlands Mestizos	0.0	0	160
DQA1*05:04	Mexico Nuevo Leon Mestizo	0.0	0	40
DQA1*05:04	Morocco Settat Chaouya	0.0	0	98
DQA1*05:04	Netherlands pop 2	0.0	0	155
DQA1*05:04	South Korea pop 5		0	467
DQA1*05:04	Spain Murcia		0	173
DQA1*05:04	USA African American Bethesda	0.0	0	187
DQA1*05:04	USA Caucasian Bethesda	0.0	0	307
DQA1*05:05	Azores Terceira Island		0.1480	130
DQA1*05:05	Brazil   ParanÃ¡ Caucasian	28.5	0.1630	641
DQA1*05:05	Brazil  Puyanawa	43.3	0.2670	150
DQA1*05:05	Brazil Guarani M bya		0	93
DQA1*05:05	Brazil Kaingang		0	235
DQA1*05:05	Brazil North East Mixed		0	205
DQA1*05:05	China Zhejiang Han pop 2		0.1110	833
DQA1*05:05	Congo Kinshasa Bantu	7.8	0.0440	90
DQA1*05:05	Croatia Gorski Kotar Region		0.0240	63
DQA1*05:05	Czech Republic pop 3	37.8	0.2060	180
DQA1*05:05	Ecuador African pop2		0.0667	45
DQA1*05:05	Ecuador Cayapa pop 2		0.0147	34
DQA1*05:05	England pop 2		0.1010	114
DQA1*05:05	Greece pop 5		0.3250	500
DQA1*05:05	Hong Kong Chinese HKBMDR. DQ and DP	14.3	0.0761	1,064
DQA1*05:05	Iran		0.1640	58
DQA1*05:05	Italy Bergamo	47.5	0.3100	101
DQA1*05:05	Italy North pop 3	49.5	0.3050	97
DQA1*05:05	Italy Rome	52.6	0.2960	100
DQA1*05:05	Japan pop 17		0.0443	3,078
DQA1*05:05	Kosovo	42.7	0.2500	124
DQA1*05:05	Mexico Chiapas Lacandon Mayans		0.1055	218
DQA1*05:05	Mexico Highlands Mestizos	0.0	0	160
DQA1*05:05	Mexico Nuevo Leon Mestizo	0.0	0	40
DQA1*05:05	Morocco Atlantic Coast Chaouya		0.1320	98
DQA1*05:05	Morocco Settat Chaouya	26.4	0.1320	98
DQA1*05:05	Netherlands pop 2	29.0	0.1573	155
DQA1*05:05	Portugal Azores Terceira Island	27.2	0.1447	130
DQA1*05:05	South Africa Worcester	8.0	0.0380	159
DQA1*05:05	South Korea pop 1		0.0680	324
DQA1*05:05	South Korea pop 2	12.6	0.0680	207
DQA1*05:05	South Korea pop 4	14.7	0.0764	211
DQA1*05:05	South Korea pop 5		0.0600	467
DQA1*05:05	Spain Murcia		0	173
DQA1*05:05	Spain Valencia	28.1	0.1520	577
DQA1*05:05	Tunisia	27.1	0.1460	100
DQA1*05:05	United Arab Emirates  Abu Dhabi		0.1635	52
DQA1*05:05	USA African American Bethesda	0.0	0	187
DQA1*05:05	USA Caucasian Bethesda	0.6	0.0030	307
DQA1*05:05	USA San Diego	7.1	0.0360	496
DQA1*05:06	China Zhejiang Han pop 2		0.0024	833
DQA1*05:06	England pop 2		0	114
DQA1*05:06	Hong Kong Chinese HKBMDR. DQ and DP	0.5	0.0024	1,064
DQA1*05:06	Japan pop 17		0.0033	3,078
DQA1*05:06	Morocco Settat Chaouya	0.0	0	98
DQA1*05:06	South Korea pop 5		0.0010	467
DQA1*05:07	England pop 2		0	114
DQA1*05:07	Hong Kong Chinese HKBMDR HLA 11 loci	0.0	0	5,266
DQA1*05:07	Morocco Settat Chaouya	0.0	0	98
DQA1*05:07	South Korea pop 5		0.0060	467
DQA1*05:08	China Zhejiang Han pop 2		0.0066	833
DQA1*05:08	England pop 2		0	114
DQA1*05:08	Hong Kong Chinese HKBMDR HLA 11 loci	0.9	0.0040	5,266
DQA1*05:08	Hong Kong Chinese HKBMDR. DQ and DP	1.1	0.0056	1,064
DQA1*05:08	Japan pop 17		0.0078	3,078
DQA1*05:08	Morocco Settat Chaouya	0.0	0	98
DQA1*05:08	Russia  Belgorod region	0.7	0.0033	153
DQA1*05:08	South Korea pop 5		0.0080	467
DQA1*05:08	USA San Diego	0.3	0.0010	496
DQA1*05:09	China Zhejiang Han pop 2		0.0006	833
DQA1*05:09	England pop 2		0	114
DQA1*05:09	Hong Kong Chinese HKBMDR HLA 11 loci	0.0	0	5,266
DQA1*05:09	Morocco Settat Chaouya	0.0	0	98
DQA1*05:09	South Africa Worcester	1.0	0.0030	159
DQA1*05:09	South Korea pop 5		0	467
DQA1*05:09	USA San Diego	0.5	0.0030	496
DQA1*05:10	Brazil  Puyanawa	3.3	0.0170	150
DQA1*05:10	Morocco Settat Chaouya	0.0	0	98
DQA1*05:10	USA San Diego	0.8	0.0040	496
DQA1*05:11	South Africa Worcester	1.0	0.0030	159
DQA1*06:01	Algeria pop 2	1.0	0.0050	106
DQA1*06:01	Argentina Gran Chaco Eastern Toba		0	135
DQA1*06:01	Argentina Gran Chaco Mataco Wichi		0	49
DQA1*06:01	Argentina Gran Chaco Western Toba Pilaga		0	19
DQA1*06:01	Argentina Mapuche		0.0290	48
DQA1*06:01	Australia Cape York Peninsula Aborigine		0.0050	103
DQA1*06:01	Azores Terceira Island		0.0040	130
DQA1*06:01	Brazil   ParanÃ¡ Caucasian	1.7	0.0086	641
DQA1*06:01	Brazil Central Plateau Xavante		0	74
DQA1*06:01	Brazil Guarani M bya		0	93
DQA1*06:01	Brazil Guarani Nandeva		0	86
DQA1*06:01	Brazil Kaingang		0	235
DQA1*06:01	Brazil North East Mixed		0.0080	205
DQA1*06:01	Cameroon		0.0040	126
DQA1*06:01	Cameroon Saa		0	172
DQA1*06:01	Canada British Columbia Athabaskan		0	62
DQA1*06:01	China Beijing and Xian		0.0350	171
DQA1*06:01	China Canton Han		0.1210	264
DQA1*06:01	China Harbin Manchu pop 2		0.1280	50
DQA1*06:01	China Hong Kong and Singapore		0.1220	135
DQA1*06:01	China pop1	11.7	0.0600	103
DQA1*06:01	China Urumqi Han		0.0680	59
DQA1*06:01	China Urumqi Kazak		0.0240	42
DQA1*06:01	China Urumqi Uyghur	3.5	0.0260	57
DQA1*06:01	China Xinjiang Province Uyghur		0.0160	92
DQA1*06:01	China Yichun		0.0620	76
DQA1*06:01	China Zhejiang Han pop 2		0.0786	833
DQA1*06:01	China, Xinjiang Uyghur Autonomous Region Han	12.9	0.0643	70
DQA1*06:01	China, Xinjiang Uyghur Autonomous Region Hui	10.0	0.0500	40
DQA1*06:01	China, Xinjiang Uyghur Autonomous Region Kazakh	5.8	0.0288	52
DQA1*06:01	China, Xinjiang Uyghur Autonomous Region Uyghur	7.0	0.0352	71
DQA1*06:01	Congo Kinshasa Bantu	0.0	0	90
DQA1*06:01	Cook Islands Rarotonga		0.0060	78
DQA1*06:01	Czech Republic		0.0050	106
DQA1*06:01	Czech Republic pop 2	1.0	0.0050	99
DQA1*06:01	Czech Republic pop 3	0.6	0.0030	180
DQA1*06:01	Czech Republic Romani	2.9	0.0146	34
DQA1*06:01	Denmark		0.0090	55
DQA1*06:01	Ecuador African		0	58
DQA1*06:01	Ecuador African pop2		0.0111	45
DQA1*06:01	Ecuador Cayapa pop 2		0.0294	34
DQA1*06:01	England pop 3	0.0	0	61
DQA1*06:01	England pop 6	1.1	0.0060	177
DQA1*06:01	Equatorial Guinea Bioko Island Bubi		0	100
DQA1*06:01	Ethiopia Amhara		0	98
DQA1*06:01	Ethiopia Oromo		0	83
DQA1*06:01	France Ceph		0	124
DQA1*06:01	France South		0.0710	350
DQA1*06:01	France West Breton		0	150
DQA1*06:01	Gambia		0	146
DQA1*06:01	Germany Essen	0.6	0.0030	174
DQA1*06:01	Greece pop 4		0.0100	98
DQA1*06:01	Greece pop 5		0.0180	500
DQA1*06:01	Greece pop2	0.8	0.0040	120
DQA1*06:01	Greece pop3	0.4	0.0020	246
DQA1*06:01	Hong Kong Chinese HKBMDR. DQ and DP	24.1	0.1320	1,064
DQA1*06:01	India Bombay		0.0170	59
DQA1*06:01	India Lucknow	5.8	0.0320	123
DQA1*06:01	India North pop 2		0.0140	72
DQA1*06:01	India Northeast Kayastha		0.0160	190
DQA1*06:01	India Northeast Lachung		0.0520	58
DQA1*06:01	India Northeast Mathur		0.0160	155
DQA1*06:01	India Northeast Mech		0	63
DQA1*06:01	India Northeast Rajbanshi		0.0870	98
DQA1*06:01	India Northeast Rastogi		0.0280	196
DQA1*06:01	India Northeast Shia		0.1130	190
DQA1*06:01	India Northeast Sunni		0.0610	188
DQA1*06:01	India Northeast Vaish		0.0330	198
DQA1*06:01	India Uttar Pradesh		0.0270	202
DQA1*06:01	Indonesia Java Yogyakarta Region		0.4810	62
DQA1*06:01	Iran Azeri		0.0100	100
DQA1*06:01	Iran Kurd		0	100
DQA1*06:01	Israel Arab		0	109
DQA1*06:01	Israel Ashkenazi Jews pop 2		0.0040	132
DQA1*06:01	Israel Ethiopian Jews		0	122
DQA1*06:01	Israel Iranian Jews		0	101
DQA1*06:01	Israel Libyan Jews		0	119
DQA1*06:01	Israel Moroccan Jews		0	113
DQA1*06:01	Israel Yemenite Jews		0	76
DQA1*06:01	Italy Bergamo	1.0	0.0050	101
DQA1*06:01	Italy Central		0.0060	380
DQA1*06:01	Italy North pop 3	1.0	0.0060	97
DQA1*06:01	Italy pop 2		0.0090	53
DQA1*06:01	Italy pop 3		0	179
DQA1*06:01	Italy Rome	1.3	0.0060	100
DQA1*06:01	Jamaica		0	132
DQA1*06:01	Japan		0.0300	50
DQA1*06:01	Japan Fukuoka		0.0290	86
DQA1*06:01	Japan Hokkaido Wajin	1.4	0.0070	71
DQA1*06:01	Japan Nagano	0.0	0	57
DQA1*06:01	Japan pop 11	4.8	0.0243	62
DQA1*06:01	Japan pop 17		0.0202	3,078
DQA1*06:01	Japan pop 2		0.0310	916
DQA1*06:01	Japan pop 8		0.0150	308
DQA1*06:01	Kiribati		0.3790	62
DQA1*06:01	Macedonia pop 5		0.0150	103
DQA1*06:01	Mexico Guadalajara Mestizo		0	54
DQA1*06:01	Mexico Guanajuato and Jalisco Mestizo	2.0	0.0100	101
DQA1*06:01	Mexico Highlands Mestizos	0.0	0	160
DQA1*06:01	Mexico Nuevo Leon Mestizo	0.0	0	40
DQA1*06:01	Morocco Atlantic Coast Chaouya		0.0060	98
DQA1*06:01	Morocco Settat Chaouya	1.2	0.0060	98
DQA1*06:01	Morocco Souss Region		0.0050	98
DQA1*06:01	Nauru		0.2840	67
DQA1*06:01	Niue		0.0210	70
DQA1*06:01	Norway		0	181
DQA1*06:01	Papua New Guinea Highland pop2		0	28
DQA1*06:01	Poland Lodz		0.0100	103
DQA1*06:01	Portugal Azores Terceira Island	0.9	0.0044	130
DQA1*06:01	Portugal Center pop 2		0.0090	562
DQA1*06:01	Russia Arkhangelsk Pomor		0.0070	63
DQA1*06:01	Russia Murmansk Saomi Mixed		0.0060	70
DQA1*06:01	Russia Northwest	0.0	0	1,011
DQA1*06:01	Russia Siberia Chukchi		0	71
DQA1*06:01	Russia Siberia Eskimo		0	70
DQA1*06:01	Russia Siberia Irkutsk Tofalar		0	43
DQA1*06:01	Russia Siberia Khabarovsk Evenki		0	25
DQA1*06:01	Russia Siberia Khanty Mansi		0	68
DQA1*06:01	Russia Siberia Kushun Buryat		0.0200	25
DQA1*06:01	Russia Siberia Negidal		0.0140	35
DQA1*06:01	Russia Siberia Ulchi		0	73
DQA1*06:01	Russia Tuva pop 2		0.0090	169
DQA1*06:01	Russia Tuva pop3		0.0450	44
DQA1*06:01	Russia Tuva Todja		0	22
DQA1*06:01	Scotland Orkney	1.0	0.0050	99
DQA1*06:01	South Africa Worcester	4.0	0.0220	159
DQA1*06:01	South Korea pop 1		0.0340	324
DQA1*06:01	South Korea pop 4	8.1	0.0413	211
DQA1*06:01	Spain Catalonia Girona		0	88
DQA1*06:01	Spain Gipuzkoa Basque		0	100
DQA1*06:01	Spain Murcia		0.0040	173
DQA1*06:01	Spain Navarre Basques		0.0040	116
DQA1*06:01	Spain Valencia	1.2	0.0060	577
DQA1*06:01	Sri Lanka Colombo	9.2	0.0490	714
DQA1*06:01	Sweden		0.0050	99
DQA1*06:01	Sweden Northern Sami		0.0030	154
DQA1*06:01	Taiwan		0.0150	65
DQA1*06:01	Thailand		0.1270	142
DQA1*06:01	Thailand Kamphaeng Phet		0.0980	97
DQA1*06:01	Thailand North Dai Lue		0.0420	96
DQA1*06:01	Thailand pop 2		0.1050	124
DQA1*06:01	Tunisia	1.0	0.0050	100
DQA1*06:01	Turkey pop 1		0.0080	250
DQA1*06:01	Uganda Baganda		0	47
DQA1*06:01	United Arab Emirates  Abu Dhabi		0.0192	52
DQA1*06:01	USA African American Bethesda	1.2	0.0060	187
DQA1*06:01	USA Caucasian Bethesda	0.0	0	307
DQA1*06:01	USA San Diego	3.6	0.0180	496
DQA1*06:01	Western Samoa and Tokelau		0	51
DQA1*06:02	England pop 2		0	114
DQA1*06:02	India Northeast Kayastha		0	190
DQA1*06:02	India Northeast Lachung		0	58
DQA1*06:02	India Northeast Mathur		0	155
DQA1*06:02	India Northeast Mech		0	63
DQA1*06:02	India Northeast Rajbanshi		0	98
DQA1*06:02	India Northeast Rastogi		0	196
DQA1*06:02	India Northeast Shia		0.0050	190
DQA1*06:02	India Northeast Sunni		0	188
DQA1*06:02	India Northeast Vaish		0	198
DQA1*06:02	Morocco Settat Chaouya	0.0	0	98
DQA1*06:02	Netherlands pop 2	0.0	0	155
DQA1*06:02	South Korea pop 5		0	467
DQA1*06:02	USA African American Bethesda	0.0	0	187
DQA1*06:02	USA Caucasian Bethesda	0.6	0.0030	307
